,age,csp,gen,td1,td2,td3,td4,s_p_ms_1,s_p_ms_2,s_p_ms_3,s_p_ms_4,s_p_ms_5,s_p_ms_6,s_p_ms_7,s_p_ms_8,s_p_ms_9,s_p_mm_1,s_p_mm_2,s_p_mm_3,s_p_mm_4,s_p_ss_1,s_p_ss_2,s_p_ss_3,s_p_ss_4,s_v_ms_1,s_v_ms_2,s_v_ms_3,s_v_ms_4,s_v_ms_5,s_v_ms_6,s_v_ms_7,s_v_ms_8,s_v_ms_9,s_v_mm_1,s_v_mm_2,s_v_mm_3,s_v_mm_4,s_v_ss_1,s_v_ss_2,s_v_ss_3,s_v_ss_4,n_p_ms_1,n_p_ms_2,n_p_ms_3,n_p_ms_4,n_p_ms_5,n_p_ms_6,n_p_ms_7,n_p_ms_8,n_p_ms_9,n_p_mm_1,n_p_mm_2,n_p_mm_3,n_p_mm_4,n_p_ss_1,n_p_ss_2,n_p_ss_3,n_p_ss_4,n_v_ms_1,n_v_ms_2,n_v_ms_3,n_v_ms_4,n_v_ms_5,n_v_ms_6,n_v_ms_7,n_v_ms_8,n_v_ms_9,n_v_mm_1,n_v_mm_2,n_v_mm_3,n_v_mm_4,n_v_ss_1,n_v_ss_2,n_v_ss_3,n_v_ss_4
30,18-25 ans,"Élèves, étudiants",Femme,80,39,45,26,3,0,1,2,1,3,1,2,1,3,1,2,1,1,1,2,1,2,2,2,2,1,2,3,2,3,2,3,1,3,3,2,2,2,-1,0,0,0,0,1,0,0,0,-1,0,1,0,0,0,1,0,-1,-1,0,1,0,0,1,-1,1,-1,1,0,-1,-1,1,1,-1
31,18-25 ans,"Élèves, étudiants",Homme,58,45,65,26,2,2,1,2,2,2,1,1,1,2,1,2,2,1,0,3,0,3,3,2,1,3,2,3,2,2,1,3,2,1,1,2,2,2,-1,1,-1,-1,1,0,1,-1,1,1,-1,1,0,1,0,1,0,-1,1,0,0,0,1,0,-1,1,0,0,1,-1,1,0,1,0
32,18-25 ans,"Élèves, étudiants",Homme,84,54,49,41,3,0,1,3,1,3,1,3,1,3,2,2,2,1,2,2,2,2,2,2,3,1,2,1,1,2,3,2,2,2,1,2,3,3,1,0,-1,-1,1,0,0,-1,-1,1,-1,1,-1,-1,0,0,-1,0,-1,1,-1,0,-1,0,1,1,-1,1,-1,1,1,-1,-1,1
33,18-25 ans,"Élèves, étudiants",Femme,93,29,79,26,2,1,1,3,2,3,2,3,2,3,2,1,1,2,1,1,1,2,3,2,2,1,1,2,3,1,3,2,2,2,2,1,3,2,0,1,1,-1,-1,1,-1,1,1,1,-1,1,0,1,-1,1,1,-1,1,0,-1,1,0,0,1,1,0,-1,1,1,1,-1,0,1
34,18-25 ans,"Élèves, étudiants",Femme,127,35,138,34,1,2,2,2,2,3,2,2,2,3,2,1,2,2,2,1,2,1,3,3,3,1,3,1,3,2,3,2,3,2,1,3,2,2,1,-1,0,1,-1,1,0,0,-1,-1,1,-1,0,-1,0,1,-1,-1,1,-1,1,0,-1,1,0,-1,0,0,-1,1,0,1,1,-1
35,18-25 ans,"Élèves, étudiants",Homme,95,50,128,30,3,0,2,3,1,3,2,3,1,3,1,2,1,2,2,1,2,2,1,1,2,3,2,3,3,3,3,3,2,1,2,3,3,2,0,0,-1,1,-1,1,-1,1,-1,0,1,0,0,-1,1,-1,1,-1,0,0,0,1,0,-1,1,0,-1,0,1,0,0,1,-1,1
36,18-25 ans,"Élèves, étudiants",Femme,172,49,117,50,1,1,3,2,3,3,1,2,3,2,1,0,1,2,1,2,1,2,3,1,2,1,2,2,3,1,2,3,3,3,3,3,2,2,1,1,-1,1,-1,1,-1,-1,1,1,-1,0,-1,-1,1,-1,1,-1,1,-1,1,1,1,0,-1,1,1,-1,1,-1,-1,1,1,-1
37,18-25 ans,"Élèves, étudiants",Femme,140,39,169,16,3,0,1,2,2,1,2,3,1,3,1,1,1,1,2,1,2,1,2,1,3,2,2,1,2,2,2,2,1,2,1,3,1,2,-1,0,1,-1,1,-1,1,-1,1,-1,0,0,0,1,0,0,0,-1,1,0,-1,1,-1,-1,1,-1,0,-1,0,0,1,0,-1,0
38,18-25 ans,"Élèves, étudiants",Femme,126,74,94,43,3,0,2,3,1,3,2,3,1,3,1,2,1,2,2,1,2,3,2,2,2,3,3,2,2,2,2,3,1,2,2,3,2,2,1,0,-1,1,-1,1,-1,1,-1,1,-1,1,-1,-1,-1,1,-1,1,1,-1,1,-1,0,1,-1,1,1,-1,-1,0,-1,0,1,-1
39,18-25 ans,"Élèves, étudiants",Femme,94,48,76,21,2,1,1,2,1,2,2,2,1,3,1,3,2,2,3,2,3,1,2,2,3,1,2,2,1,2,3,1,2,3,3,3,3,2,1,0,-1,1,0,-1,1,-1,0,1,0,-1,0,-1,1,0,-1,1,-1,1,0,-1,-1,-1,1,1,0,1,-1,0,0,-1,-1,1
40,18-25 ans,"Élèves, étudiants",Femme,113,162,68,27,1,2,1,3,2,3,1,3,2,3,2,1,2,3,1,2,1,3,1,3,2,2,2,3,3,1,2,2,3,2,2,1,2,3,0,0,0,0,0,0,0,0,0,0,0,0,0,0,0,0,0,-1,0,1,1,-1,0,1,-1,0,-1,1,-1,0,1,0,1,-1
41,18-25 ans,"Élèves, étudiants",Femme,122,111,122,29,2,1,1,3,2,3,1,2,3,3,2,1,1,2,1,2,1,3,2,1,3,1,3,2,2,2,3,2,3,2,2,3,3,2,-1,-1,1,1,0,-1,0,1,-1,-1,1,-1,1,0,1,-1,0,0,-1,1,1,-1,0,0,1,0,-1,1,-1,1,-1,0,0,1
42,18-25 ans,"Élèves, étudiants",Femme,64,39,81,37,2,0,2,2,1,2,2,2,2,2,2,1,2,2,1,2,2,2,1,2,2,3,1,2,1,2,3,2,3,1,1,2,3,1,1,0,-1,1,-1,1,-1,1,-1,1,0,0,0,-1,0,0,0,1,0,-1,1,-1,1,0,0,0,1,1,-1,0,-1,-1,1,0
43,18-25 ans,"Élèves, étudiants",Femme,79,39,73,26,1,2,1,3,1,3,0,3,2,3,2,2,3,1,2,3,1,1,1,3,2,1,3,3,2,2,2,3,3,1,3,1,1,2,-1,1,0,0,-1,1,0,-1,1,-1,0,1,-1,1,-1,1,-1,-1,0,-1,1,-1,1,-1,1,-1,-1,1,0,-1,-1,1,-1,1
44,18-25 ans,"Élèves, étudiants",Autre,96,51,88,31,2,1,2,3,2,3,1,3,2,3,1,1,2,1,1,2,1,2,2,2,3,2,2,2,3,3,3,1,3,3,2,3,2,1,-1,1,0,1,-1,1,-1,-1,1,-1,1,1,-1,1,-1,1,1,-1,-1,1,-1,0,-1,0,1,0,-1,1,-1,1,1,-1,-1,1
45,18-25 ans,"Élèves, étudiants",Homme,252,65,130,39,2,1,1,3,2,2,2,3,2,3,2,0,1,2,1,2,1,2,2,3,2,3,3,1,1,1,3,2,1,2,1,2,3,2,1,-1,-1,1,-1,1,-1,0,-1,1,1,0,-1,-1,0,1,-1,-1,-1,1,0,-1,1,-1,0,0,-1,1,0,-1,1,-1,0,0
46,18-25 ans,"Élèves, étudiants",Femme,85,26,81,22,3,0,1,3,2,3,1,3,2,3,2,1,2,1,1,2,1,2,1,1,3,2,2,3,3,3,3,2,1,1,2,2,2,1,1,0,-1,1,-1,1,-1,1,-1,1,0,0,0,-1,0,0,0,1,1,-1,1,-1,1,-1,0,1,1,0,0,-1,0,0,0,1
47,18-25 ans,"Élèves, étudiants",Femme,149,66,49,29,2,1,2,3,2,3,2,2,3,3,1,1,0,1,1,1,1,2,2,1,3,1,2,2,3,1,1,2,1,1,2,3,3,3,0,-1,0,1,-1,1,-1,1,-1,-1,1,1,0,-1,0,1,-1,-1,1,-1,-1,1,-1,-1,1,-1,0,-1,-1,1,1,0,-1,1
48,18-25 ans,"Élèves, étudiants",Femme,165,174,60,57,2,1,1,3,1,3,2,3,1,3,2,2,1,2,2,1,2,2,2,1,2,2,3,2,2,2,3,1,2,1,3,1,2,2,1,0,-1,1,-1,1,-1,1,-1,1,0,0,0,-1,1,0,0,1,-1,0,1,-1,1,-1,-1,1,-1,1,0,-1,-1,1,0,0
49,18-25 ans,"Élèves, étudiants",Femme,68,42,43,25,2,2,3,2,1,3,2,2,1,2,1,2,2,1,1,1,3,1,3,2,3,2,3,3,3,3,3,2,3,1,2,2,1,2,-1,1,-1,1,-1,1,-1,1,1,1,-1,0,0,0,0,0,1,0,-1,1,-1,0,1,-1,1,0,-1,0,1,0,0,-1,-1,1
50,18-25 ans,"Élèves, étudiants",Femme,89,67,273,37,2,1,1,3,1,3,2,3,1,3,2,2,1,2,2,1,2,2,2,2,3,2,2,3,2,2,3,3,1,2,2,2,1,1,1,0,-1,-1,1,1,-1,0,-1,1,-1,1,-1,-1,0,0,-1,1,-1,0,0,1,0,-1,1,0,-1,0,1,1,-1,1,-1,1
51,18-25 ans,"Élèves, étudiants",Femme,119,23,41,36,2,1,1,3,3,3,1,3,2,3,2,0,2,2,0,2,1,3,1,1,3,3,3,2,2,3,3,3,2,1,2,1,2,3,0,0,0,0,0,0,0,0,0,0,0,0,0,0,0,0,0,-1,0,1,0,0,-1,1,-1,-1,-1,1,-1,1,1,0,1,-1
52,18-25 ans,"Élèves, étudiants",Femme,84,30,40,15,3,0,1,1,2,2,1,2,2,3,2,2,1,1,1,3,2,1,2,1,2,1,2,3,1,1,3,2,1,3,2,1,3,2,0,0,0,0,0,0,0,0,0,0,0,0,0,0,0,0,0,-1,-1,1,1,0,-1,-1,0,1,-1,1,-1,-1,-1,1,-1,1
53,18-25 ans,"Élèves, étudiants",Femme,166,81,541,33,1,2,1,1,3,2,1,3,1,3,2,1,2,3,2,3,2,3,1,1,3,2,2,2,1,3,3,3,1,2,1,1,2,3,1,0,-1,1,1,0,-1,1,-1,1,-1,1,0,-1,1,-1,-1,1,-1,1,1,0,-1,1,1,-1,-1,1,-1,1,-1,1,-1,-1
54,18-25 ans,"Élèves, étudiants",Femme,56,12,34,30,2,1,1,3,2,3,2,3,2,3,2,1,1,2,1,1,1,3,1,3,2,2,3,2,2,2,3,1,3,2,2,3,3,2,0,0,0,0,0,0,0,0,0,0,0,0,0,0,0,0,0,0,0,0,0,0,0,0,0,0,0,0,0,0,0,0,0,0
55,18-25 ans,"Élèves, étudiants",Femme,80,29,49,29,3,0,2,2,1,3,1,2,2,3,2,2,1,2,1,2,2,2,2,2,3,2,1,3,2,2,3,2,1,2,2,3,2,1,0,0,0,1,0,-1,1,-1,0,0,1,-1,0,0,1,0,-1,-1,1,-1,0,1,0,0,0,0,0,-1,1,0,0,1,0,0
56,18-25 ans,"Élèves, étudiants",Femme,89,37,74,47,2,1,1,3,1,3,1,3,2,3,2,2,2,2,2,2,1,2,1,3,2,2,2,3,2,2,2,2,3,2,2,2,3,2,0,0,0,0,0,0,0,0,0,0,0,0,0,0,0,0,0,-1,0,1,-1,0,1,-1,1,0,-1,0,1,0,1,-1,0,1
57,18-25 ans,"Élèves, étudiants",Femme,84,39,86,25,0,3,1,2,1,2,1,1,2,3,1,1,2,2,1,3,1,3,1,2,3,1,2,2,3,3,3,3,2,1,2,3,2,2,0,1,-1,-1,0,1,0,-1,0,1,-1,1,-1,0,-1,1,-1,-1,-1,1,1,0,-1,0,0,-1,-1,1,-1,0,-1,1,-1,-1
58,18-25 ans,"Élèves, étudiants",Femme,141,145,110,33,2,1,1,3,2,3,1,3,3,3,2,1,2,2,1,2,0,2,1,2,1,2,2,2,1,1,3,2,1,3,1,1,2,2,1,-1,0,0,1,-1,0,1,-1,0,0,-1,1,-1,1,-1,0,1,0,0,0,-1,1,0,0,-1,1,0,-1,0,0,-1,1,-1
59,18-25 ans,"Élèves, étudiants",Femme,310,42,71,34,1,2,1,2,3,1,1,3,1,3,1,2,2,3,1,0,2,1,3,1,2,2,3,1,3,2,2,2,1,2,3,2,2,2,1,-1,-1,1,-1,0,0,1,-1,0,1,-1,1,-1,0,0,1,0,1,-1,0,-1,1,0,-1,1,1,-1,0,-1,0,-1,1,1
60,18-25 ans,"Élèves, étudiants",Femme,42,67,74,31,1,3,2,2,3,2,2,2,1,2,0,1,2,1,1,2,1,1,2,1,1,3,2,1,3,2,3,1,3,2,2,3,1,2,-1,1,0,0,-1,1,-1,0,-1,0,0,1,-1,1,-1,0,-1,1,-1,0,1,-1,0,0,1,0,0,1,-1,1,-1,-1,0,1
61,18-25 ans,"Élèves, étudiants",Homme,143,32,108,30,2,1,2,2,2,3,1,3,2,3,2,1,2,3,2,2,1,1,2,2,2,3,3,2,1,2,3,2,1,3,2,2,2,1,0,1,0,-1,0,1,0,-1,0,1,-1,1,-1,1,-1,1,-1,0,0,1,0,-1,1,0,-1,1,0,1,0,-1,1,-1,1,0
62,18-25 ans,"Élèves, étudiants",Femme,133,144,47,18,1,2,2,2,1,3,1,2,2,3,2,2,1,2,1,2,2,1,2,2,2,2,3,3,3,1,3,1,2,1,3,1,2,3,0,0,0,0,0,0,0,0,0,0,0,0,0,0,0,0,0,1,0,-1,-1,1,1,0,-1,0,1,-1,1,-1,-1,0,1,-1
63,26-35 ans,"Élèves, étudiants",Femme,77,21,47,23,1,2,2,1,2,2,2,3,2,3,1,2,1,2,3,2,1,1,2,1,3,1,2,1,3,1,3,2,2,3,2,3,1,3,1,-1,0,-1,0,1,-1,1,-1,1,-1,1,-1,-1,-1,0,0,0,1,-1,1,0,0,0,-1,1,1,-1,0,-1,0,1,0,0
64,18-25 ans,"Élèves, étudiants",Femme,104,31,67,30,2,1,1,3,2,1,1,2,1,3,2,1,3,2,1,2,3,3,1,2,2,2,3,3,3,2,3,2,1,2,1,2,2,2,-1,0,1,-1,1,-1,0,-1,-1,-1,-1,1,-1,1,1,-1,-1,-1,0,0,0,1,0,0,0,0,-1,0,1,0,0,1,0,0
65,56-65 ans,Cadres et professions intellectuelles supérieures,Femme,170,41,158,35,2,2,1,2,2,1,1,2,1,2,1,3,3,1,2,2,3,2,3,3,2,2,3,3,3,1,2,2,1,2,1,2,1,2,-1,0,0,1,-1,-1,0,1,-1,-1,1,-1,1,0,1,-1,1,1,1,-1,1,-1,1,-1,1,-1,1,0,0,-1,0,-1,0,0
66,18-25 ans,"Artisans, commerçants, chefs d'entreprise",Autre,119,66,110,41,1,3,1,2,1,3,1,3,1,2,1,2,2,2,1,2,2,1,2,1,3,3,2,2,2,2,3,2,3,2,2,1,3,1,-1,-1,-1,1,-1,-1,1,-1,0,-1,1,-1,-1,-1,1,1,-1,0,1,-1,1,-1,1,-1,1,-1,1,0,-1,1,1,-1,1,1
67,18-25 ans,"Élèves, étudiants",Femme,102,35,71,33,1,1,1,1,2,1,3,3,2,2,2,1,0,2,1,2,1,3,2,2,3,2,3,2,3,2,3,2,1,2,1,2,3,3,0,1,-1,0,0,0,1,-1,1,1,-1,0,0,0,0,1,0,-1,-1,1,-1,1,-1,1,1,-1,-1,0,0,1,0,0,1,-1
68,18-25 ans,"Élèves, étudiants",Homme,49,49,63,60,2,1,2,2,2,3,2,2,1,3,2,1,2,1,2,1,1,2,3,1,1,3,2,2,3,2,3,2,2,2,3,3,3,1,1,0,-1,0,1,-1,1,-1,1,1,-1,-1,0,-1,1,0,-1,-1,1,-1,0,-1,0,1,0,0,1,-1,-1,1,1,-1,1,0
69,18-25 ans,"Élèves, étudiants",Femme,60,28,75,16,3,1,1,1,1,2,1,2,1,2,2,3,1,0,2,1,3,2,2,3,2,2,3,1,3,1,3,1,2,2,3,3,2,3,-1,0,0,1,0,-1,0,1,0,-1,1,-1,1,0,1,-1,1,0,1,0,0,0,-1,0,1,0,1,0,-1,1,1,0,-1,1
70,18-25 ans,"Élèves, étudiants",Femme,124,54,74,17,0,3,2,3,2,2,3,2,2,3,1,2,1,1,1,1,2,3,1,2,1,3,3,2,2,2,2,3,1,3,1,3,2,2,0,0,0,0,0,0,0,0,0,0,0,0,0,0,0,0,0,-1,1,-1,0,1,-1,0,0,-1,-1,-1,1,0,0,1,-1,-1
71,18-25 ans,"Élèves, étudiants",Femme,91,36,94,39,1,2,1,2,0,2,3,2,0,3,1,2,1,3,2,1,2,2,2,3,2,3,3,3,2,1,3,2,2,3,1,1,1,1,1,0,-1,1,0,-1,-1,-1,0,1,1,-1,-1,-1,1,-1,-1,1,0,1,-1,1,-1,0,1,-1,1,-1,0,1,1,0,-1,0
72,18-25 ans,"Élèves, étudiants",Femme,114,19,95,31,3,0,1,2,2,1,1,1,2,3,1,1,2,1,2,2,3,2,1,1,2,2,3,2,3,3,3,3,2,3,2,1,2,1,0,0,0,1,-1,0,-1,0,1,0,1,-1,-1,0,0,-1,1,0,1,0,-1,1,0,-1,0,1,1,-1,1,-1,1,0,-1,1
73,18-25 ans,"Élèves, étudiants",Femme,118,53,93,36,2,1,1,2,1,3,1,2,2,3,1,2,1,2,3,2,2,3,1,1,2,3,3,2,1,2,3,2,1,1,2,2,2,2,-1,0,1,1,0,-1,1,-1,1,-1,1,-1,0,1,1,0,0,1,-1,1,1,0,0,1,0,-1,-1,1,0,1,-1,1,1,-1
74,18-25 ans,"Élèves, étudiants",Femme,57,37,51,24,2,1,1,3,2,3,1,2,3,3,2,1,3,2,1,2,1,2,2,1,1,2,3,2,1,3,3,1,2,3,3,1,2,2,-1,-1,1,0,0,0,0,0,0,-1,1,0,0,0,0,0,0,0,1,0,-1,1,-1,-1,-1,1,1,-1,1,-1,1,0,-1,1
75,18-25 ans,"Élèves, étudiants",Femme,95,43,52,49,1,2,2,3,1,3,3,3,2,3,1,2,0,2,2,0,1,1,3,3,3,2,3,2,2,3,2,1,1,2,1,3,1,2,1,1,-1,-1,0,1,-1,1,-1,1,-1,1,0,1,-1,0,1,0,1,-1,1,-1,0,-1,1,-1,1,0,-1,1,0,1,-1,-1
76,18-25 ans,"Élèves, étudiants",Femme,64,36,82,39,2,1,1,3,2,3,1,3,1,3,2,1,2,2,1,2,2,2,2,1,3,2,3,2,2,2,3,3,2,2,3,2,1,3,1,0,-1,0,0,1,-1,0,0,1,-1,1,-1,-1,0,0,0,1,0,-1,1,0,-1,0,1,0,1,0,-1,1,-1,1,-1,1
77,18-25 ans,"Élèves, étudiants",Femme,140,81,45,29,1,1,1,2,3,2,2,1,2,2,1,1,1,2,1,2,3,2,2,3,2,2,1,3,3,1,3,2,3,1,1,2,3,3,1,-1,1,0,1,-1,0,1,-1,-1,1,0,1,-1,1,-1,0,-1,0,1,1,-1,-1,0,0,0,-1,1,-1,0,1,0,-1,0
78,18-25 ans,"Élèves, étudiants",Femme,186,46,93,43,1,1,2,3,1,3,0,2,1,2,1,2,2,1,2,3,1,3,1,2,2,1,3,2,3,2,3,3,3,1,1,3,2,2,-1,1,0,0,0,0,0,0,-1,0,0,0,0,1,0,0,-1,1,-1,-1,1,0,-1,1,-1,1,0,1,-1,0,-1,1,0,0
79,18-25 ans,"Élèves, étudiants",Femme,199,96,55,30,2,2,3,2,2,2,3,2,1,2,1,2,1,1,0,1,1,3,3,1,2,2,3,1,2,1,2,2,2,2,2,2,3,2,1,1,-1,1,-1,1,0,1,-1,1,0,-1,1,-1,0,1,-1,1,1,0,-1,1,-1,1,1,-1,1,-1,0,1,1,0,-1,-1
80,18-25 ans,"Élèves, étudiants",Femme,58,26,41,18,1,2,2,3,1,3,2,1,3,3,1,2,1,2,2,1,2,1,2,2,2,3,3,2,1,3,3,1,1,2,3,3,2,2,1,1,0,-1,0,1,-1,1,-1,1,-1,1,0,1,-1,1,-1,1,0,0,0,0,0,-1,1,-1,1,0,0,0,0,0,-1,1
81,18-25 ans,"Élèves, étudiants",Femme,105,49,118,36,1,1,2,2,1,3,1,2,2,2,0,2,1,3,1,2,0,2,1,3,3,2,2,2,3,1,1,1,3,2,2,2,1,2,1,1,-1,1,0,-1,-1,1,-1,1,0,-1,1,0,1,-1,0,1,-1,-1,0,1,-1,-1,0,1,0,-1,1,-1,-1,1,-1,1
82,18-25 ans,"Élèves, étudiants",Femme,171,43,69,28,1,1,3,2,1,2,3,2,3,2,1,1,1,2,1,1,1,3,1,2,3,3,3,2,2,2,3,1,2,1,3,2,2,2,1,0,-1,1,-1,1,-1,1,-1,1,0,0,0,-1,0,0,0,1,0,-1,1,-1,1,1,0,0,1,0,-1,1,-1,0,1,0
83,18-25 ans,"Élèves, étudiants",Femme,344,28,229,17,3,0,1,3,2,3,1,3,2,3,2,1,2,1,1,2,1,3,1,3,3,3,2,2,3,2,3,1,1,2,2,1,2,2,0,0,0,0,0,0,0,0,0,0,0,0,0,0,0,0,0,0,0,0,0,0,0,0,0,0,0,0,0,0,0,0,0,0
84,18-25 ans,"Élèves, étudiants",Femme,106,91,198,47,1,2,2,3,1,3,1,3,2,3,1,2,2,2,2,2,1,3,1,2,3,1,2,2,2,2,3,1,3,2,1,2,2,3,-1,1,-1,1,-1,-1,1,1,-1,1,0,-1,1,1,0,0,0,1,-1,1,-1,0,0,1,-1,0,0,0,0,0,0,-1,1,-1
85,18-25 ans,"Élèves, étudiants",Femme,110,34,76,28,1,2,2,3,1,3,2,3,3,3,1,2,1,2,2,1,0,2,2,1,3,3,3,3,2,3,3,3,1,1,2,2,1,1,0,0,1,-1,-1,1,-1,1,-1,0,0,1,-1,1,-1,0,0,1,-1,1,0,-1,1,-1,1,-1,1,1,0,0,0,-1,1,-1
86,18-25 ans,"Élèves, étudiants",Femme,151,51,74,32,0,3,1,3,2,3,1,2,3,3,2,1,1,2,1,2,1,1,2,2,3,1,3,2,2,3,2,2,2,2,2,3,2,1,0,1,-1,1,-1,1,0,-1,1,1,0,0,-1,0,0,1,0,0,-1,1,1,0,-1,1,0,0,-1,1,-1,1,-1,1,0,0
87,18-25 ans,"Élèves, étudiants",Femme,58,44,76,23,1,2,3,2,1,3,1,3,1,3,1,2,2,1,1,2,2,1,2,3,2,3,3,3,2,1,2,2,2,1,2,1,1,1,1,0,-1,1,-1,1,-1,0,0,1,0,1,-1,-1,0,1,0,0,1,-1,1,-1,1,-1,1,0,1,0,0,0,0,0,0,1
88,18-25 ans,"Élèves, étudiants",Femme,66,28,57,35,2,1,1,3,2,3,1,3,1,3,2,1,2,2,1,2,2,1,2,1,3,3,2,2,2,2,3,2,3,2,2,1,3,1,1,0,-1,0,0,1,-1,0,0,1,-1,1,-1,-1,0,0,0,-1,0,-1,1,0,0,-1,1,-1,-1,-1,0,1,-1,1,-1,1
89,18-25 ans,"Élèves, étudiants",Femme,153,38,172,47,2,1,2,3,2,3,2,1,3,3,1,1,1,3,1,1,2,2,2,1,1,3,2,2,2,3,3,2,2,2,2,3,1,1,-1,1,-1,0,0,1,-1,0,0,0,-1,1,-1,0,0,0,0,-1,1,-1,1,0,0,0,0,0,1,-1,0,0,0,1,0,0
90,18-25 ans,"Élèves, étudiants",Femme,78,34,24,37,1,1,2,2,1,2,1,3,2,2,2,1,2,3,1,1,1,1,1,2,2,2,3,2,1,3,2,1,2,3,3,2,1,3,0,0,0,0,0,0,0,0,0,0,0,0,0,0,0,0,0,1,1,-1,1,0,-1,0,1,-1,1,-1,-1,1,-1,1,-1,1
91,18-25 ans,"Élèves, étudiants",Homme,25,55,28,33,3,1,1,1,1,1,1,2,1,2,2,2,3,2,2,2,1,2,2,2,3,1,3,2,2,1,1,3,2,2,2,2,2,1,-1,1,1,-1,-1,1,-1,0,-1,0,0,0,-1,1,-1,0,-1,0,-1,0,1,-1,0,0,-1,1,-1,1,-1,-1,-1,0,0,0
92,18-25 ans,"Élèves, étudiants",Femme,86,42,106,24,1,3,1,3,2,3,2,2,3,2,2,1,0,2,1,1,1,2,1,3,3,1,3,2,3,3,3,2,2,1,2,3,2,1,-1,-1,1,0,-1,1,-1,1,-1,-1,1,0,0,0,-1,0,0,-1,0,0,1,-1,-1,1,1,0,-1,1,-1,1,0,1,0,1
93,18-25 ans,"Élèves, étudiants",Femme,63,22,47,11,1,2,1,3,2,1,2,2,1,3,2,1,2,3,1,1,1,1,2,2,1,2,2,1,3,2,3,1,3,2,3,1,1,2,0,0,0,0,0,0,0,0,0,0,0,0,0,0,0,0,0,0,0,0,0,0,0,0,0,0,0,0,0,0,0,0,0,0
94,18-25 ans,"Élèves, étudiants",Femme,206,176,139,38,2,1,2,3,1,3,1,3,1,3,1,2,2,1,2,2,2,1,2,3,3,2,3,3,3,3,3,1,2,1,3,2,2,2,-1,1,0,1,-1,1,-1,1,1,-1,1,0,0,1,0,0,1,0,1,1,-1,1,0,0,0,0,1,-1,1,0,1,-1,0,0
95,18-25 ans,"Élèves, étudiants",Femme,104,141,42,17,2,1,2,3,1,3,2,3,2,3,1,2,1,3,2,1,1,2,1,2,3,2,2,3,3,2,3,2,2,1,3,2,1,2,1,0,-1,1,-1,1,-1,1,-1,1,0,0,0,-1,0,0,0,0,0,-1,1,0,0,0,-1,0,0,0,0,-1,-1,1,0,-1
96,18-25 ans,"Élèves, étudiants",Femme,90,100,44,45,1,1,1,2,1,2,1,3,3,2,1,1,2,2,1,1,0,2,3,2,3,1,3,2,1,3,2,3,3,2,2,3,2,2,1,1,-1,1,-1,0,-1,1,-1,1,0,-1,1,-1,1,-1,0,-1,1,-1,0,1,-1,1,0,0,1,-1,0,1,0,1,0,0
97,18-25 ans,"Élèves, étudiants",Femme,219,62,130,50,1,2,2,3,1,3,2,3,1,3,1,2,1,2,2,1,2,2,2,1,3,1,3,2,3,1,2,2,3,2,2,3,1,2,1,1,-1,0,-1,1,-1,0,1,1,-1,1,-1,-1,-1,1,1,1,0,-1,1,0,-1,1,0,0,1,1,-1,1,-1,1,0,0
98,18-25 ans,"Élèves, étudiants",Femme,114,70,68,39,2,1,1,3,2,3,1,3,1,3,2,1,2,2,1,2,2,2,2,2,3,2,3,1,3,3,3,1,1,2,2,1,2,2,-1,-1,0,1,0,-1,0,1,0,-1,1,-1,1,-1,1,-1,1,1,-1,0,0,-1,1,-1,1,-1,0,0,0,1,-1,-1,0,0
99,18-25 ans,"Élèves, étudiants",Femme,39,36,32,13,2,3,2,1,3,2,0,3,0,1,1,1,3,1,2,2,3,2,2,3,1,3,2,1,1,3,3,3,3,1,2,2,1,3,0,0,0,0,0,0,0,0,0,0,0,0,0,0,0,0,0,0,1,-1,-1,1,1,0,0,-1,1,-1,1,0,0,1,1,-1
100,18-25 ans,"Élèves, étudiants",Homme,38,28,66,16,2,3,2,2,1,3,1,1,1,1,2,2,2,1,1,2,2,1,2,2,2,1,1,2,2,3,2,3,2,1,3,1,3,1,-1,0,0,1,-1,0,0,-1,1,-1,1,-1,-1,0,0,0,0,0,1,0,0,-1,1,-1,0,0,1,0,0,-1,1,-1,0,0
101,18-25 ans,"Élèves, étudiants",Femme,78,26,92,60,2,1,2,3,2,3,2,2,3,3,1,1,2,1,1,1,1,2,2,2,3,3,3,2,3,1,3,1,1,1,3,1,2,3,0,1,-1,1,-1,1,0,-1,1,1,0,0,-1,0,0,1,0,1,0,-1,0,1,0,-1,0,-1,1,-1,1,-1,-1,1,-1,-1
102,26-35 ans,"Élèves, étudiants",Homme,80,138,33,24,1,1,2,3,2,1,1,2,1,2,1,1,3,3,1,2,1,1,3,1,2,2,3,1,2,2,3,2,1,2,3,1,2,2,-1,-1,-1,1,-1,1,-1,1,-1,-1,1,-1,0,-1,1,0,-1,1,-1,0,1,-1,-1,1,-1,-1,0,1,-1,0,-1,1,0,-1
103,18-25 ans,"Élèves, étudiants",Femme,75,52,74,30,2,3,2,2,2,2,1,2,2,1,2,2,3,1,2,3,2,1,1,2,2,1,2,1,1,2,2,1,3,2,2,3,2,1,-1,0,-1,1,1,-1,1,1,-1,-1,0,-1,1,-1,1,-1,0,1,0,-1,1,0,0,0,0,0,1,0,0,0,-1,1,0,0
104,18-25 ans,"Élèves, étudiants",Homme,89,61,71,13,2,1,2,2,3,3,2,1,2,3,2,0,1,1,1,1,1,2,1,3,2,2,2,3,2,3,2,3,1,1,3,1,1,3,0,0,0,0,0,0,0,0,0,0,0,0,0,0,0,0,0,-1,1,1,-1,1,1,-1,1,-1,-1,-1,1,0,1,-1,0,-1
105,18-25 ans,"Élèves, étudiants",Femme,102,34,86,25,2,0,2,3,2,2,2,3,1,2,1,2,1,2,1,2,2,3,2,2,2,1,2,2,1,1,3,2,1,3,3,2,3,2,1,0,-1,1,-1,1,-1,1,-1,1,0,0,0,-1,0,0,0,0,1,-1,1,-1,0,0,0,0,1,0,-1,0,0,0,0,0
106,18-25 ans,"Élèves, étudiants",Homme,114,53,85,33,2,1,1,2,1,2,2,1,1,3,1,1,1,2,1,2,0,3,2,2,3,2,3,1,3,2,2,2,1,2,3,1,2,2,-1,-1,1,0,1,0,1,-1,1,-1,1,1,0,0,1,1,0,1,0,1,-1,1,-1,-1,0,0,1,0,0,-1,1,1,-1,0
107,18-25 ans,"Élèves, étudiants",Homme,70,30,31,16,1,1,1,3,2,2,3,2,2,2,2,2,1,2,1,1,0,2,2,2,2,2,2,1,3,2,1,3,1,3,3,2,3,2,-1,0,1,-1,1,-1,1,-1,1,-1,0,0,0,1,0,0,0,-1,1,-1,0,1,0,-1,0,1,0,-1,1,-1,0,1,-1,1
108,18-25 ans,"Élèves, étudiants",Femme,147,19,83,37,3,0,2,3,1,3,2,2,1,3,1,2,2,2,2,1,3,2,2,3,3,3,3,2,2,2,3,1,1,3,2,2,2,3,0,0,0,0,0,0,0,0,0,0,0,0,0,0,0,0,0,-1,1,0,0,0,1,-1,-1,1,0,0,1,-1,1,0,0,0
109,18-25 ans,"Élèves, étudiants",Femme,124,38,87,31,3,0,1,3,2,3,1,3,2,3,2,1,2,1,1,2,1,2,2,2,3,3,3,2,2,3,3,2,1,2,2,2,3,1,0,0,0,0,0,0,0,0,0,0,0,0,0,0,0,0,0,-1,0,1,0,-1,1,0,0,0,-1,1,0,0,1,-1,1,0
110,18-25 ans,"Élèves, étudiants",Homme,122,174,66,31,2,1,1,2,1,1,3,2,2,3,1,2,1,2,3,2,2,2,1,3,3,1,3,2,2,3,3,1,3,2,2,2,2,1,-1,1,1,-1,-1,1,-1,1,0,-1,0,1,0,1,-1,1,1,-1,0,1,-1,1,1,-1,-1,1,-1,-1,1,-1,1,-1,0,1
111,18-25 ans,"Élèves, étudiants",Femme,66,24,47,30,1,1,2,2,2,1,2,2,2,2,2,1,0,1,2,1,2,3,2,2,1,3,3,2,1,3,3,1,2,1,2,2,1,2,0,1,-1,1,-1,1,-1,1,0,1,0,0,0,0,0,0,1,1,0,-1,1,-1,-1,1,1,-1,1,0,-1,1,-1,0,1,-1
112,18-25 ans,"Élèves, étudiants",Femme,100,48,60,22,2,1,1,3,2,3,1,3,1,3,2,1,2,2,1,2,2,3,1,2,3,3,3,2,3,2,3,2,1,2,3,1,2,2,1,0,-1,0,-1,1,-1,1,-1,1,-1,1,-1,-1,-1,0,0,0,1,1,-1,-1,1,0,-1,0,1,0,1,-1,1,-1,1,-1
113,18-25 ans,"Élèves, étudiants",Femme,98,28,76,24,2,1,2,3,2,3,1,3,2,3,1,1,2,1,1,2,1,2,2,1,3,2,3,2,2,2,1,2,1,3,3,2,1,1,-1,0,1,-1,1,-1,1,-1,1,-1,0,0,0,1,0,0,0,1,1,0,-1,1,-1,0,1,-1,1,-1,-1,1,1,-1,-1,1
114,18-25 ans,"Élèves, étudiants",Femme,76,27,46,28,2,1,1,3,1,3,2,3,1,3,2,2,1,2,2,1,2,2,2,3,3,2,3,2,2,2,3,1,2,2,2,3,1,2,-1,0,0,1,-1,-1,0,1,-1,-1,1,-1,1,0,1,-1,1,-1,1,-1,1,-1,0,1,-1,0,0,0,-1,0,0,0,1,-1
115,18-25 ans,"Élèves, étudiants",Femme,75,32,1735,35,1,2,2,3,2,3,1,2,3,3,1,1,1,2,1,2,1,3,3,2,2,2,3,1,2,2,2,1,3,1,1,1,3,1,1,1,-1,0,-1,1,-1,1,-1,1,-1,1,0,0,-1,1,-1,1,-1,1,-1,-1,1,0,1,0,-1,1,1,1,-1,-1,1,1
116,18-25 ans,"Élèves, étudiants",Femme,88,32,58,36,1,3,1,3,1,2,1,2,1,2,2,3,1,2,2,1,3,2,3,1,2,2,3,2,3,2,2,1,2,1,2,3,2,2,1,1,1,-1,1,1,-1,0,0,1,-1,1,-1,1,-1,1,0,0,1,-1,1,-1,0,0,-1,0,1,0,-1,-1,0,0,0,-1
117,18-25 ans,"Élèves, étudiants",Femme,115,36,42,27,0,3,0,2,2,3,2,3,1,3,2,1,1,3,2,1,2,1,1,1,1,2,2,2,1,2,2,2,2,2,2,3,2,2,0,-1,0,0,1,-1,0,1,0,-1,0,0,1,-1,1,-1,1,-1,0,0,-1,0,1,-1,-1,1,-1,-1,1,-1,0,-1,1,1
118,18-25 ans,"Élèves, étudiants",Femme,114,42,66,22,2,1,1,3,2,3,1,3,1,3,2,1,2,2,1,2,2,2,3,3,3,1,3,2,3,2,3,1,3,1,1,2,1,2,0,1,-1,0,0,1,0,-1,0,1,-1,1,-1,0,0,1,-1,0,1,-1,0,0,0,0,1,0,1,-1,0,1,0,0,0,1
119,18-25 ans,"Élèves, étudiants",Femme,177,31,82,20,2,1,1,3,1,3,2,3,1,3,2,2,1,2,2,1,2,2,2,1,3,2,3,2,2,1,2,3,1,2,3,1,3,3,-1,1,0,0,1,-1,-1,1,0,-1,0,0,1,1,1,-1,1,-1,0,1,1,-1,0,1,0,0,-1,1,-1,1,1,0,1,0
120,18-25 ans,"Élèves, étudiants",Femme,71,35,187,44,1,2,2,3,1,3,1,3,2,3,1,2,2,2,2,2,1,3,2,1,2,3,3,1,3,2,3,3,1,2,1,1,3,2,0,0,0,0,0,0,0,0,0,0,0,0,0,0,0,0,0,1,0,0,-1,1,-1,0,0,0,1,-1,0,0,0,0,-1,0
121,18-25 ans,"Élèves, étudiants",Femme,176,456,77,39,1,2,2,1,2,2,1,2,3,3,1,2,3,2,1,1,1,1,3,2,2,3,3,3,1,2,2,2,1,3,2,2,1,2,0,1,1,-1,1,-1,-1,1,-1,1,0,0,1,1,0,-1,1,1,0,1,-1,-1,1,1,0,0,1,0,1,1,1,-1,1,0
122,18-25 ans,"Élèves, étudiants",Femme,139,228,65,59,2,1,2,3,1,2,1,3,1,3,1,1,2,1,2,1,2,3,1,2,3,1,2,3,3,1,3,2,2,2,1,3,1,2,0,1,-1,1,0,1,-1,-1,1,1,0,1,-1,0,1,0,1,1,-1,1,-1,1,-1,-1,0,-1,1,0,1,-1,-1,1,-1,-1
123,18-25 ans,"Élèves, étudiants",Femme,42,27,58,72,3,0,2,3,2,3,2,3,2,3,1,1,1,2,1,1,1,1,1,1,2,2,2,2,2,2,2,2,3,1,2,3,2,1,-1,0,0,1,-1,1,0,0,0,-1,1,0,0,0,0,1,0,1,1,-1,0,-1,1,-1,1,0,1,-1,1,-1,-1,-1,0,1
124,18-25 ans,"Élèves, étudiants",Homme,83,24,54,15,2,1,2,2,2,2,3,2,2,3,2,0,1,3,2,1,0,1,2,1,1,1,2,2,2,3,1,2,3,2,3,2,1,2,0,0,0,0,0,0,0,0,0,0,0,0,0,0,0,0,0,-1,1,0,0,-1,-1,0,-1,1,1,0,-1,-1,1,-1,-1,1
125,18-25 ans,"Élèves, étudiants",Femme,65,16,47,21,2,1,3,2,3,2,2,3,3,1,1,1,1,2,1,2,0,3,1,3,3,1,2,3,2,1,3,1,1,2,2,2,1,3,0,0,0,0,0,0,0,0,0,0,0,0,0,0,0,0,0,1,0,1,-1,0,0,1,0,-1,1,-1,0,1,1,-1,1,-1
126,18-25 ans,"Élèves, étudiants",Femme,149,113,114,36,1,2,2,2,1,2,2,2,3,3,2,1,2,2,3,2,1,2,1,2,2,2,1,3,2,1,3,3,2,2,1,3,3,3,1,0,-1,0,1,-1,0,1,-1,1,-1,0,1,-1,1,-1,0,1,0,0,-1,0,1,-1,1,0,1,-1,1,0,0,-1,0,1
127,18-25 ans,"Élèves, étudiants",Femme,70,37,58,14,2,1,0,1,1,3,1,1,1,3,1,2,2,1,2,2,2,2,2,2,3,1,3,2,3,1,2,2,2,1,2,2,2,3,0,0,0,0,0,0,0,0,0,0,0,0,0,0,0,0,0,-1,-1,0,1,0,-1,1,-1,0,-1,1,-1,0,-1,1,0,-1
128,18-25 ans,"Élèves, étudiants",Femme,115,52,77,31,2,1,1,3,2,2,3,2,1,3,2,0,1,2,1,1,1,2,2,2,3,3,2,2,3,3,2,1,2,1,3,1,2,1,-1,1,0,-1,1,-1,1,-1,0,0,-1,0,0,1,0,0,-1,-1,0,0,1,-1,1,-1,1,-1,-1,1,-1,-1,0,0,-1,0
129,18-25 ans,"Élèves, étudiants",Femme,103,47,65,36,2,1,1,3,2,3,1,3,1,3,2,1,2,2,1,2,2,3,1,3,3,3,3,2,3,2,3,1,1,1,2,2,2,2,1,0,0,-1,0,1,0,-1,0,1,-1,1,-1,0,-1,1,-1,1,0,0,-1,1,-1,0,1,0,1,-1,0,1,0,0,-1,1
130,18-25 ans,"Élèves, étudiants",Femme,112,34,62,38,1,1,2,2,3,2,2,2,3,2,2,1,2,3,1,2,1,3,2,2,3,1,2,1,3,2,3,3,1,2,1,3,1,2,-1,0,1,-1,0,0,1,-1,1,-1,1,0,-1,1,-1,1,0,-1,1,-1,0,0,1,0,-1,0,0,-1,1,-1,0,0,1,-1
131,18-25 ans,"Élèves, étudiants",Autre,1237,39,60,26,1,2,2,1,3,1,0,3,1,3,1,2,3,2,2,1,2,2,1,3,1,2,2,2,1,2,3,3,2,2,2,2,3,1,1,-1,0,1,-1,0,0,1,-1,0,1,-1,1,-1,-1,0,1,1,0,-1,1,-1,1,-1,1,-1,1,0,0,0,-1,0,0,0
132,18-25 ans,"Élèves, étudiants",Femme,115,36,56,39,2,1,2,3,2,3,1,3,2,3,1,1,2,1,1,2,1,2,1,3,3,1,1,1,2,2,3,1,2,3,2,3,1,3,1,1,-1,1,-1,-1,0,1,-1,1,0,-1,1,-1,1,-1,0,0,1,-1,0,0,-1,1,-1,-1,1,-1,-1,1,1,0,1,-1
133,18-25 ans,"Élèves, étudiants",Femme,207,72,153,25,3,0,1,3,1,3,1,3,1,3,2,2,2,1,2,2,2,2,1,2,3,2,2,2,3,3,3,2,3,1,2,2,3,1,1,0,0,-1,0,1,0,-1,0,1,-1,1,-1,0,-1,1,-1,1,0,-1,1,-1,-1,1,-1,1,1,0,-1,0,-1,1,0,1
134,18-25 ans,"Élèves, étudiants",Femme,83,66,41,41,2,1,2,2,2,3,2,3,1,3,2,1,1,1,2,1,2,2,2,2,2,3,3,1,2,3,3,1,2,2,2,1,2,1,0,0,0,0,0,0,0,0,0,0,0,0,0,0,0,0,0,1,-1,1,0,1,-1,0,1,-1,0,1,0,1,-1,1,-1,0
135,18-25 ans,"Élèves, étudiants",Homme,105,105,24,27,2,1,1,2,1,3,1,2,2,3,1,2,1,2,1,2,2,2,2,3,2,1,3,3,2,3,1,3,3,2,2,1,2,1,1,1,-1,-1,1,0,-1,-1,1,1,-1,1,-1,0,0,-1,1,0,1,-1,1,-1,1,-1,1,-1,1,0,0,1,0,0,0,0
136,18-25 ans,"Élèves, étudiants",Homme,92,29,63,15,3,0,1,3,1,2,1,3,1,3,2,1,2,1,2,1,2,3,2,2,2,2,3,1,2,1,2,1,3,1,3,2,3,2,0,0,0,0,0,0,0,0,0,0,0,0,0,0,0,0,0,-1,1,0,-1,1,0,0,-1,1,0,-1,1,-1,1,0,0,0
137,56-65 ans,Sans activité professionnelle,Homme,151,82,167,61,3,2,2,1,1,3,0,2,1,1,1,2,2,2,2,3,1,3,2,3,2,2,2,1,2,3,2,1,2,1,3,2,3,3,-1,1,1,-1,-1,0,0,-1,1,-1,1,-1,-1,1,-1,0,0,0,1,0,0,-1,0,1,-1,0,1,0,-1,0,1,-1,1,-1
138,56-65 ans,Cadres et professions intellectuelles supérieures,Femme,65,37,58,26,2,1,2,3,2,3,2,3,1,3,1,1,1,3,1,1,2,3,1,3,2,2,3,1,2,2,3,1,1,1,3,2,2,2,-1,0,0,0,0,1,-1,1,-1,-1,0,1,0,0,0,0,0,0,0,0,1,-1,1,-1,1,-1,0,1,0,0,0,0,0,0
139,18-25 ans,"Élèves, étudiants",Femme,99,43,53,27,3,0,1,3,2,1,3,1,2,3,2,1,2,1,1,2,1,3,1,1,3,1,2,1,3,2,3,3,2,2,2,3,2,2,1,0,-1,0,-1,1,0,1,-1,1,-1,0,1,-1,-1,1,-1,1,-1,-1,1,0,-1,-1,1,0,1,1,-1,1,-1,1,-1,1
140,18-25 ans,"Élèves, étudiants",Femme,79,35,84,37,2,1,1,3,1,3,2,3,1,3,2,2,1,2,2,1,2,1,1,3,3,1,3,1,2,2,2,1,2,1,3,2,3,2,1,0,0,0,-1,1,-1,1,0,1,0,0,0,0,-1,0,1,1,0,0,0,0,-1,1,0,0,1,0,-1,1,0,0,0,0
141,18-25 ans,"Élèves, étudiants",Femme,114,38,60,40,2,1,1,3,1,3,2,3,1,3,2,2,1,2,2,1,2,1,2,1,2,2,3,3,2,2,3,1,2,1,3,1,2,1,1,-1,0,1,-1,-1,1,-1,0,-1,1,-1,0,-1,1,1,-1,1,0,0,0,-1,1,-1,1,-1,1,0,0,1,0,-1,0,0
142,18-25 ans,"Élèves, étudiants",Femme,132,256,42,39,3,0,2,3,1,3,2,3,1,3,1,2,1,2,2,1,2,1,2,3,3,1,3,1,3,2,3,1,3,2,3,2,3,2,0,0,1,-1,1,-1,1,-1,1,0,-1,1,-1,1,0,1,-1,0,0,-1,0,1,-1,-1,1,0,0,-1,0,1,-1,1,-1,1
143,18-25 ans,"Élèves, étudiants",Femme,123,40,130,25,2,1,2,3,1,3,2,3,2,3,1,2,1,1,2,1,1,2,1,1,3,3,2,2,3,3,3,3,2,1,1,1,2,1,-1,0,0,1,0,-1,1,0,0,-1,1,-1,1,0,1,0,0,0,0,-1,0,1,1,-1,1,-1,0,-1,1,0,-1,1,-1,1
144,56-65 ans,Professions intermédiaires,Femme,285,192,119,22,3,0,2,3,1,3,2,3,1,3,1,2,1,2,2,1,2,2,1,1,2,2,2,2,3,2,3,3,2,1,2,1,2,2,0,0,0,0,0,0,0,0,0,0,0,0,0,0,0,0,0,0,0,0,0,0,0,0,0,0,0,0,0,0,0,0,0,0
145,56-65 ans,Cadres et professions intellectuelles supérieures,Femme,198,62,125,62,3,1,2,3,2,2,2,1,2,2,1,2,3,1,1,2,3,3,2,1,3,1,3,2,3,1,3,2,3,1,1,2,2,2,1,0,-1,0,0,1,0,-1,0,1,-1,1,-1,-1,0,1,-1,1,-1,1,0,0,-1,1,-1,0,-1,1,-1,1,-1,0,1,-1
146,66-75 ans,Retraités,Femme,91,56,66,36,0,2,2,1,1,3,2,2,2,2,3,2,2,2,2,1,0,2,2,2,2,2,3,1,2,3,2,1,3,2,3,2,2,2,0,0,0,0,0,0,0,0,0,0,0,0,0,0,0,0,0,0,0,0,0,0,0,0,0,0,0,0,0,0,0,0,0,0
147,36-45 ans,Professions intermédiaires,Homme,218,46,121,26,1,2,2,3,1,3,2,3,1,3,1,2,1,2,2,1,2,3,2,1,3,1,2,3,3,2,3,2,1,2,1,3,2,1,0,1,0,0,0,-1,0,1,0,1,0,-1,1,1,0,-1,1,1,-1,0,1,0,-1,1,-1,1,0,1,-1,-1,-1,1,0,-1
148,18-25 ans,"Élèves, étudiants",Homme,83,28,47,32,2,2,2,3,3,3,2,2,2,2,1,0,2,2,0,1,2,3,1,3,2,3,2,2,3,2,2,3,3,2,2,2,1,2,1,1,-1,0,0,0,1,1,-1,1,-1,0,1,-1,0,1,-1,1,1,-1,1,0,1,0,-1,1,1,-1,1,-1,-1,1,1,-1
149,18-25 ans,"Élèves, étudiants",Femme,225,273,133,96,0,3,2,3,1,3,1,3,1,3,1,2,2,1,2,2,2,2,1,1,3,3,2,1,3,1,3,2,2,3,2,2,1,3,0,1,0,-1,0,1,-1,1,0,1,-1,1,0,1,-1,0,1,1,1,0,-1,0,0,0,0,0,1,-1,0,0,1,-1,0,0
150,plus de 75 ans,Retraités,Femme,151,102,517,127,2,1,2,3,2,3,1,3,2,3,1,1,2,1,1,2,1,1,3,2,3,2,1,2,3,2,3,1,2,2,2,2,1,1,-1,-1,1,-1,-1,1,0,-1,1,-1,1,1,-1,0,-1,1,-1,-1,1,1,-1,1,0,0,0,0,0,-1,1,0,1,-1,0,0
151,46-55 ans,Cadres et professions intellectuelles supérieures,Homme,88,46,40,30,1,3,1,3,2,3,2,2,1,2,2,1,2,2,1,1,3,2,3,3,3,2,3,1,3,1,3,2,1,2,1,2,2,3,-1,0,0,1,0,-1,1,-1,-1,-1,1,-1,0,0,1,0,-1,-1,0,1,0,-1,0,1,0,-1,-1,1,-1,1,1,-1,1,-1
152,56-65 ans,Retraités,Femme,115,358,197,70,1,2,1,2,1,3,1,2,3,3,1,2,1,3,1,2,1,2,1,3,3,2,3,3,3,1,3,2,1,2,2,2,1,3,0,-1,0,0,0,1,0,0,-1,-1,0,1,0,-1,0,1,-1,0,0,-1,1,0,0,-1,1,0,0,0,0,1,-1,1,-1,1
153,18-25 ans,Employés,Femme,71,37,55,19,2,2,1,2,1,2,3,2,2,2,1,3,1,1,1,1,2,1,1,2,3,2,3,2,3,2,2,3,3,3,2,2,2,2,0,0,0,0,0,0,0,0,0,0,0,0,0,0,0,0,0,0,-1,1,-1,1,0,1,-1,1,-1,0,1,-1,0,-1,1,-1
154,56-65 ans,Professions intermédiaires,Homme,38,129,61,49,1,2,1,2,3,3,1,2,1,3,1,0,3,3,1,2,3,2,2,2,3,2,3,2,3,1,2,1,3,1,2,1,2,3,0,-1,0,1,-1,1,0,-1,0,-1,1,0,-1,-1,0,1,-1,-1,0,1,-1,0,1,-1,1,-1,-1,0,1,-1,1,-1,0,0
155,18-25 ans,"Élèves, étudiants",Femme,123,57,79,26,2,1,1,3,1,3,2,3,1,3,2,2,1,2,2,1,2,2,2,3,2,1,1,2,2,2,2,2,1,3,2,3,3,3,-1,0,1,-1,1,-1,1,-1,1,-1,0,0,0,1,0,0,0,-1,1,0,-1,1,-1,1,0,1,-1,-1,0,1,1,1,-1,1
156,66-75 ans,Retraités,Femme,273,263,217,64,1,2,2,3,2,2,2,1,2,3,1,2,1,2,1,2,1,1,1,2,3,1,2,2,3,2,2,1,3,2,1,2,1,1,0,1,-1,1,-1,0,1,0,0,1,0,-1,1,0,0,1,0,0,0,-1,1,0,0,-1,1,-1,0,0,0,0,-1,1,-1,0
157,66-75 ans,Retraités,Femme,76,24,51,25,2,1,2,3,2,3,1,3,2,3,1,1,2,1,1,2,1,2,2,1,3,2,2,2,2,1,3,3,2,2,3,2,3,2,0,-1,0,1,0,-1,0,1,0,-1,1,-1,1,-1,1,-1,1,-1,0,1,-1,1,-1,1,-1,1,-1,0,0,0,1,0,0,0
158,46-55 ans,Cadres et professions intellectuelles supérieures,Femme,86,46,81,45,2,0,2,2,1,2,2,2,2,2,2,1,2,2,1,2,2,1,3,2,3,2,3,2,2,3,2,2,1,3,3,1,2,1,-1,0,1,-1,1,-1,1,-1,1,-1,0,0,0,1,0,0,0,0,0,-1,1,-1,0,1,0,-1,0,0,-1,1,-1,0,1,-1
159,36-45 ans,Employés,Femme,72,41,65,28,1,2,1,2,1,3,2,3,2,3,1,2,1,3,1,1,1,3,1,3,3,2,2,2,3,1,3,1,2,1,3,2,1,2,1,-1,-1,1,-1,1,-1,1,-1,1,1,-1,1,-1,0,0,0,1,0,-1,1,-1,1,-1,1,-1,1,1,-1,1,-1,1,-1,1
160,46-55 ans,"Artisans, commerçants, chefs d'entreprise",Homme,178,40,83,29,3,1,3,3,2,2,1,2,2,2,0,2,1,2,1,1,2,2,2,2,3,2,2,3,3,3,3,1,2,1,2,2,1,2,0,0,0,0,0,0,0,0,0,0,0,0,0,0,0,0,0,0,1,-1,1,-1,0,1,-1,0,1,0,-1,0,0,0,1,-1
161,36-45 ans,Employés,Femme,206,54,94,18,1,1,3,2,1,2,3,2,3,2,1,1,1,2,1,1,1,3,1,3,2,2,2,2,3,2,3,1,2,1,2,2,2,2,0,0,0,0,0,0,0,0,0,0,0,0,0,0,0,0,0,-1,1,-1,1,-1,-1,0,1,1,0,0,-1,1,0,1,-1,1
162,56-65 ans,Cadres et professions intellectuelles supérieures,Homme,85,16,51,15,1,1,1,3,2,1,1,1,2,2,2,3,2,2,1,2,3,1,3,3,2,2,2,2,1,2,3,2,1,3,2,3,2,2,0,0,0,0,0,0,0,0,0,0,0,0,0,0,0,0,0,0,0,0,0,0,0,0,0,0,0,0,0,0,0,0,0,0
163,56-65 ans,Sans activité professionnelle,Femme,152,76,141,28,1,2,1,1,3,2,1,3,1,3,0,1,2,3,2,1,2,2,1,2,3,1,2,3,2,2,2,3,2,1,2,2,2,3,0,-1,0,0,1,0,0,-1,0,-1,0,1,-1,-1,1,0,-1,0,0,0,1,-1,1,-1,0,1,0,1,0,-1,0,0,0,1
164,18-25 ans,"Élèves, étudiants",Femme,45,27,36,33,1,2,0,1,1,1,2,2,1,3,1,2,2,2,2,3,1,3,2,1,3,2,2,2,3,2,3,3,2,2,1,3,2,2,-1,1,0,-1,1,0,-1,0,0,1,-1,1,-1,1,0,-1,0,1,-1,0,0,0,0,0,-1,1,0,0,0,-1,-1,0,0,1
165,18-25 ans,Cadres et professions intellectuelles supérieures,Femme,47,26,59,18,3,2,2,1,2,1,3,2,1,1,1,1,1,2,1,2,1,2,1,3,3,2,2,2,2,1,3,2,3,2,2,1,2,3,-1,1,1,-1,1,-1,1,-1,1,-1,0,-1,0,1,0,1,-1,-1,0,1,-1,1,1,-1,-1,1,-1,0,1,-1,1,-1,-1,0
166,18-25 ans,"Élèves, étudiants",Homme,99,161,59,19,2,1,2,3,1,3,2,3,2,3,1,2,1,1,2,1,1,2,2,1,3,2,3,3,2,2,3,3,2,1,3,1,1,3,0,0,0,0,0,0,0,0,0,0,0,0,0,0,0,0,0,-1,0,0,0,1,-1,1,-1,1,-1,0,0,0,0,1,1,-1
167,18-25 ans,"Élèves, étudiants",Femme,58,35,92,25,2,1,2,2,2,2,1,2,2,3,2,2,1,3,2,3,2,2,1,3,2,2,2,1,3,2,3,1,3,2,3,3,3,2,0,1,0,-1,-1,1,0,0,-1,1,-1,1,0,1,-1,1,-1,1,1,-1,1,1,-1,0,1,-1,1,-1,0,1,-1,1,-1,0
168,18-25 ans,"Élèves, étudiants",Femme,96,28,59,34,1,1,2,3,1,3,2,2,1,2,1,2,0,1,2,1,1,2,2,3,2,3,3,2,2,2,3,3,1,3,1,2,1,1,0,-1,1,-1,1,1,-1,1,-1,-1,-1,1,0,-1,-1,0,0,-1,0,1,0,-1,1,-1,1,-1,-1,1,0,1,1,-1,1,1
169,moins de 18 ans,"Élèves, étudiants",Homme,122,57,135,45,2,1,1,3,2,3,2,3,2,3,2,1,1,0,1,1,1,1,2,2,3,2,2,2,2,3,2,1,3,2,2,2,1,3,0,-1,1,-1,1,-1,1,0,-1,-1,0,0,1,0,1,-1,-1,-1,1,-1,0,1,1,-1,-1,1,1,-1,1,-1,1,1,-1,1
170,18-25 ans,"Élèves, étudiants",Femme,140,162,54,58,2,1,2,2,3,3,2,3,2,3,2,0,1,3,1,1,1,3,1,3,2,1,1,3,1,2,3,2,1,2,2,3,2,2,-1,0,0,1,-1,1,-1,0,0,-1,1,0,-1,0,0,0,0,-1,1,-1,-1,1,1,1,-1,-1,1,-1,1,0,0,0,1,-1
171,18-25 ans,"Élèves, étudiants",Femme,79,17,38,16,2,0,1,3,1,1,1,2,2,2,2,2,1,1,2,2,2,3,2,1,1,3,2,2,2,2,2,1,3,1,2,3,1,2,0,0,0,-1,1,0,0,0,-1,0,-1,1,0,0,0,0,-1,0,-1,1,0,0,0,0,0,0,-1,1,0,0,0,0,0,0
172,18-25 ans,"Élèves, étudiants",Femme,82,56,53,16,2,1,2,1,2,1,2,1,1,3,1,1,3,3,1,1,2,2,1,2,2,2,2,2,2,2,1,1,2,2,1,2,2,1,0,0,0,0,0,0,0,0,0,0,0,0,0,0,0,0,0,0,0,0,0,0,0,0,0,0,0,0,0,0,0,0,0,0
173,26-35 ans,"Élèves, étudiants",Femme,162,478,116,58,1,2,1,3,2,3,1,3,2,3,2,1,2,3,1,2,1,1,1,2,2,1,3,1,1,3,2,2,3,1,3,2,3,3,-1,1,0,-1,1,-1,0,1,0,0,-1,0,1,1,0,-1,1,-1,1,1,0,0,-1,-1,1,1,0,1,-1,0,1,0,-1,1
174,46-55 ans,Cadres et professions intellectuelles supérieures,Femme,148,50,87,43,2,3,2,1,1,1,2,1,2,1,3,2,3,1,2,3,1,1,2,1,3,2,2,2,2,1,3,2,2,2,2,3,3,3,-1,0,-1,1,-1,-1,1,1,-1,-1,0,-1,1,-1,1,1,0,0,-1,0,1,1,-1,0,0,0,-1,1,0,0,-1,1,-1,0
175,56-65 ans,Retraités,Femme,147,223,106,52,3,0,1,2,2,2,1,2,2,3,1,2,1,1,2,1,2,2,2,1,3,1,3,2,3,2,3,3,3,2,3,3,2,1,1,0,0,-1,-1,1,-1,0,1,1,-1,-1,-1,0,-1,0,1,0,-1,1,1,0,1,0,0,0,-1,1,1,0,-1,1,1,0
176,18-25 ans,"Élèves, étudiants",Femme,114,20,67,25,3,0,1,3,1,3,1,2,1,3,2,2,1,1,2,2,3,2,2,1,3,2,3,2,3,2,2,2,1,3,3,2,2,2,0,0,0,0,0,0,0,0,0,0,0,0,0,0,0,0,0,1,1,0,-1,-1,1,-1,-1,1,1,-1,1,-1,1,-1,1,0
177,18-25 ans,"Élèves, étudiants",Femme,159,25,73,30,2,1,2,3,1,2,1,2,1,3,1,1,3,1,2,3,3,1,3,1,1,3,2,1,2,1,3,2,2,2,3,3,3,3,1,1,-1,1,0,0,0,0,0,1,-1,0,0,-1,1,0,0,0,0,-1,0,1,0,0,0,1,0,-1,1,0,-1,1,0,1
178,18-25 ans,"Élèves, étudiants",Femme,151,37,66,28,3,0,1,2,1,3,1,3,1,3,3,2,2,1,1,2,2,2,2,1,3,2,3,1,3,1,2,2,1,2,2,1,2,2,1,0,-1,-1,1,1,-1,1,-1,1,-1,1,0,-1,0,0,0,1,-1,0,1,-1,0,-1,1,-1,-1,1,-1,1,-1,0,-1,1
179,18-25 ans,"Élèves, étudiants",Femme,95,36,57,49,1,3,3,1,3,1,3,2,1,2,2,2,1,0,2,2,1,1,2,2,3,2,3,1,2,1,2,1,3,2,2,1,2,3,1,-1,1,-1,1,0,-1,0,0,0,0,1,-1,0,0,-1,0,0,0,0,0,0,0,0,0,-1,0,0,0,0,0,0,0,-1
180,18-25 ans,"Élèves, étudiants",Femme,116,56,70,22,1,1,3,2,1,3,1,3,1,2,1,2,2,2,1,2,2,2,2,1,3,2,3,1,3,1,2,3,1,2,1,2,2,3,0,0,0,1,-1,1,-1,1,0,0,1,-1,1,0,0,0,1,-1,1,-1,1,1,-1,0,-1,1,-1,0,0,-1,0,1,-1,1
181,18-25 ans,"Élèves, étudiants",Homme,97,43,50,43,2,3,2,2,1,3,1,3,1,1,2,2,2,1,3,2,2,2,2,2,2,2,3,2,2,2,3,2,2,2,3,3,3,2,1,0,0,0,-1,1,0,-1,1,1,0,0,-1,0,-1,1,0,1,0,-1,1,0,0,0,0,0,1,0,0,0,-1,1,0,0
182,18-25 ans,Cadres et professions intellectuelles supérieures,Homme,97,38,41,76,3,0,2,2,2,3,2,2,2,3,2,1,2,2,2,1,2,2,2,2,2,2,3,1,2,3,2,2,2,3,2,2,3,2,1,0,-1,1,-1,1,0,1,-1,1,-1,0,1,-1,0,1,-1,1,-1,1,0,-1,-1,0,1,-1,0,1,-1,1,0,-1,-1,0
183,18-25 ans,Employés,Homme,34,38,43,14,1,2,1,3,2,3,1,3,2,3,2,1,2,1,1,2,1,3,2,3,3,3,2,2,2,2,2,2,1,3,2,1,3,3,0,0,0,0,0,0,0,0,0,0,0,0,0,0,0,0,0,0,0,1,-1,1,-1,1,0,0,0,-1,0,1,1,0,-1,0
184,18-25 ans,"Élèves, étudiants",Femme,145,56,78,25,2,1,1,3,2,2,1,3,1,3,2,2,2,2,1,3,2,2,1,2,2,2,1,2,3,3,3,3,3,3,1,3,2,1,-1,1,0,0,1,-1,-1,1,-1,0,0,0,1,1,1,-1,1,-1,0,0,1,0,1,-1,0,1,-1,1,1,-1,0,1,-1,1
185,18-25 ans,Cadres et professions intellectuelles supérieures,Femme,110,58,70,31,2,1,1,3,2,3,1,3,3,3,2,1,2,2,1,2,0,3,1,3,1,3,2,2,1,2,2,2,2,2,2,3,2,3,1,1,0,-1,-1,1,-1,0,0,1,-1,1,-1,1,-1,1,0,1,0,-1,0,1,-1,0,-1,-1,1,-1,1,-1,-1,1,-1,-1
186,18-25 ans,"Élèves, étudiants",Femme,82,27,45,42,2,2,1,3,1,2,2,2,1,2,2,3,2,1,2,2,1,1,3,2,2,2,2,2,2,1,3,2,2,2,3,1,2,3,-1,1,0,-1,0,1,-1,1,-1,0,-1,1,0,1,-1,0,0,0,1,-1,0,1,-1,0,0,1,1,-1,-1,0,0,1,-1,1
187,18-25 ans,"Élèves, étudiants",Femme,121,55,88,43,2,1,1,1,1,1,2,2,1,3,0,2,2,2,2,1,1,1,1,3,2,2,2,3,2,2,2,2,1,2,3,1,2,2,-1,0,1,-1,-1,1,-1,1,-1,-1,0,1,0,1,-1,1,0,1,0,-1,-1,1,1,-1,1,-1,1,-1,1,0,-1,0,0,1
188,18-25 ans,"Élèves, étudiants",Femme,138,48,54,26,1,2,2,3,2,3,1,2,1,3,1,1,1,2,1,2,3,3,2,2,2,1,3,2,2,2,2,3,3,3,2,1,2,2,-1,0,1,-1,1,-1,0,0,0,-1,-1,1,0,1,0,-1,0,-1,1,0,-1,1,0,0,0,1,-1,-1,1,0,1,0,0,1
189,18-25 ans,"Élèves, étudiants",Femme,154,191,47,28,3,0,2,3,1,3,2,3,1,3,1,2,1,2,2,1,2,1,2,2,1,3,3,1,3,1,3,2,1,3,2,3,3,3,1,0,0,0,-1,1,0,-1,0,1,0,0,-1,0,-1,1,-1,0,0,0,0,0,0,0,0,0,0,0,0,0,0,0,0,0
190,18-25 ans,Cadres et professions intellectuelles supérieures,Femme,131,72,112,25,2,2,1,2,0,2,2,1,0,2,1,2,1,1,2,2,1,2,1,3,2,3,1,2,2,1,3,3,3,2,3,2,2,2,-1,1,0,0,0,1,-1,0,0,-1,0,1,-1,1,0,1,0,-1,0,1,-1,1,1,-1,0,0,-1,-1,1,-1,1,-1,-1,0
191,18-25 ans,"Élèves, étudiants",Femme,73,40,42,19,2,1,1,3,2,2,2,3,2,3,2,2,1,2,1,2,1,2,3,2,3,2,3,2,2,2,3,3,1,1,2,1,2,3,-1,1,0,-1,1,1,-1,0,-1,1,-1,1,-1,1,-1,0,-1,1,-1,1,1,0,-1,0,1,1,-1,1,-1,1,-1,1,-1,1
192,18-25 ans,"Élèves, étudiants",Femme,81,19,62,28,1,2,2,2,1,2,1,1,2,3,0,3,2,2,1,1,3,2,1,1,2,2,2,3,2,1,3,3,1,2,2,1,1,1,0,1,-1,1,-1,-1,1,1,-1,1,0,-1,1,1,1,-1,0,1,-1,0,1,-1,1,-1,1,1,0,1,0,-1,-1,-1,-1,1
193,18-25 ans,"Élèves, étudiants",Homme,64,44,51,19,2,1,2,2,2,3,2,3,1,3,0,1,1,3,2,1,2,1,2,3,2,3,1,3,1,3,3,1,2,2,2,1,3,2,-1,1,1,-1,0,0,1,-1,1,0,0,0,-1,1,-1,1,-1,-1,0,1,-1,1,0,-1,1,1,-1,1,1,-1,1,0,-1,1
194,18-25 ans,"Élèves, étudiants",Femme,184,39,97,21,1,2,2,3,1,3,1,3,2,3,1,2,2,0,2,2,1,2,2,2,3,1,2,3,3,3,3,2,1,1,2,3,2,2,0,1,-1,0,0,0,0,0,0,1,-1,0,0,0,0,0,0,1,-1,0,1,0,0,-1,-1,1,0,1,0,-1,-1,1,-1,0
195,18-25 ans,"Élèves, étudiants",Femme,128,34,65,11,3,0,1,2,2,2,1,2,2,3,1,2,1,1,2,1,2,3,2,3,2,2,2,3,3,3,2,2,2,1,1,2,2,2,0,0,0,0,0,0,0,0,0,0,0,0,0,0,0,0,0,0,0,0,0,0,0,0,0,0,0,0,0,0,0,0,0,0
196,18-25 ans,"Élèves, étudiants",Femme,128,135,28,27,3,1,1,3,2,3,1,3,2,2,2,1,2,2,1,2,1,2,1,3,3,1,1,2,2,2,3,2,1,3,2,2,1,2,1,0,-1,0,-1,1,-1,0,0,1,-1,1,-1,-1,-1,1,0,1,-1,-1,0,0,1,-1,-1,1,1,-1,1,-1,-1,0,0,0
197,18-25 ans,"Élèves, étudiants",Femme,116,26,59,28,1,2,2,3,2,2,3,3,3,3,1,2,0,2,1,1,0,2,2,3,2,3,2,3,3,2,2,2,1,2,3,2,2,2,1,-1,-1,1,-1,-1,1,-1,1,0,1,-1,0,-1,1,0,0,1,1,-1,0,1,-1,-1,1,-1,1,-1,1,1,-1,1,-1,-1
198,18-25 ans,"Élèves, étudiants",Femme,30,56,79,36,2,1,1,3,1,3,0,3,1,3,2,2,3,2,2,3,2,2,2,2,3,1,3,3,3,3,3,2,3,1,2,2,2,1,-1,1,0,0,1,-1,0,1,0,0,0,-1,1,1,1,-1,1,0,0,0,-1,-1,0,1,1,0,0,-1,-1,1,0,-1,1,1
199,26-35 ans,"Élèves, étudiants",Homme,274,60,104,47,1,2,1,3,2,3,2,3,1,3,2,1,1,1,1,1,2,1,3,3,3,3,2,2,3,2,3,1,2,1,1,2,2,1,0,0,0,0,0,-1,1,-1,0,0,0,-1,0,0,0,0,-1,0,-1,0,-1,1,-1,-1,1,-1,-1,-1,1,1,-1,1,-1,0
200,18-25 ans,"Élèves, étudiants",Femme,87,36,110,27,2,1,2,3,2,3,2,3,1,3,1,1,1,1,1,1,2,1,2,3,2,3,3,3,3,1,3,1,1,1,2,1,2,2,1,1,-1,1,0,-1,0,1,-1,1,0,-1,1,0,1,-1,-1,0,0,-1,1,-1,1,0,-1,1,0,0,0,-1,-1,0,1,0
201,18-25 ans,"Élèves, étudiants",Femme,88,40,64,29,3,1,1,3,2,3,1,1,2,2,2,1,2,2,1,2,3,1,1,3,2,3,3,2,2,2,2,2,1,2,2,1,3,2,1,-1,1,-1,1,-1,0,-1,1,0,0,0,-1,0,0,-1,1,1,0,-1,-1,-1,1,0,0,-1,1,-1,1,0,-1,-1,1,-1
202,18-25 ans,"Élèves, étudiants",Femme,113,39,46,23,3,1,1,3,2,3,1,3,2,2,2,1,2,2,1,2,1,2,3,1,3,1,3,2,3,1,2,3,3,1,3,2,3,2,1,0,-1,1,-1,1,-1,1,-1,1,0,0,0,-1,0,0,0,1,0,-1,0,1,0,-1,1,-1,1,-1,1,0,-1,1,-1,0
203,18-25 ans,"Élèves, étudiants",Femme,106,58,114,29,2,1,2,3,2,3,1,3,2,3,1,1,2,1,1,2,1,2,2,2,1,3,3,2,3,1,3,2,2,1,2,3,2,2,0,1,0,-1,1,-1,1,1,-1,1,-1,0,1,1,1,-1,0,0,1,-1,0,0,0,1,-1,1,1,-1,0,-1,0,0,1,-1
204,18-25 ans,"Élèves, étudiants",Femme,120,48,100,45,1,2,1,3,2,1,0,3,1,3,2,1,3,1,1,1,2,1,1,1,2,3,2,2,2,2,2,2,2,1,2,2,1,2,1,1,-1,-1,0,1,0,-1,1,1,-1,1,-1,1,-1,1,0,1,0,-1,0,0,1,-1,1,0,1,-1,1,0,-1,0,0,1
205,18-25 ans,"Élèves, étudiants",Homme,87,37,73,20,1,1,1,2,2,3,3,3,2,2,3,1,0,2,2,0,1,1,1,3,1,3,3,2,2,1,2,2,1,2,2,2,1,2,0,-1,1,0,-1,1,-1,1,-1,-1,1,0,0,0,-1,0,0,-1,1,-1,0,1,-1,1,0,-1,0,-1,0,1,1,1,0,-1
206,18-25 ans,"Élèves, étudiants",Homme,172,19,47,19,2,1,1,3,2,3,2,3,2,3,2,1,1,2,1,1,1,2,1,2,2,3,2,1,2,1,1,2,1,1,2,2,2,1,0,0,0,0,0,0,0,0,0,0,0,0,0,0,0,0,0,0,0,0,0,0,0,0,0,0,0,0,0,0,0,0,0,0
207,18-25 ans,"Élèves, étudiants",Femme,106,91,68,71,3,1,1,3,1,2,3,2,1,2,2,1,1,2,2,1,1,2,2,3,1,2,3,3,1,3,2,3,2,2,2,1,1,3,1,0,-1,0,0,1,-1,0,0,1,-1,1,-1,-1,0,-1,0,0,0,-1,1,0,-1,0,1,0,0,0,-1,1,-1,1,-1,1
208,18-25 ans,"Élèves, étudiants",Homme,222,29,1509,26,1,2,1,2,1,3,2,3,2,3,1,2,1,1,1,1,1,2,1,3,3,3,1,2,2,3,1,2,2,1,3,2,2,1,0,0,1,-1,1,-1,0,0,0,0,0,0,0,1,0,-1,0,1,0,0,-1,1,-1,1,-1,1,1,-1,0,0,0,0,0,0
209,18-25 ans,"Élèves, étudiants",Femme,62,37,78,21,1,1,2,3,1,1,1,3,2,2,1,2,2,1,2,2,1,2,3,3,2,1,2,1,2,2,1,1,2,2,2,3,3,3,-1,1,-1,1,0,0,-1,1,-1,0,0,0,0,0,1,-1,0,1,-1,-1,1,1,-1,-1,1,1,0,0,0,0,-1,1,-1,1
210,18-25 ans,"Élèves, étudiants",Femme,27,15,25,16,2,1,3,2,3,2,2,2,1,1,1,1,2,2,1,0,1,2,1,3,1,2,1,3,2,3,2,3,1,2,2,3,2,1,-1,1,-1,-1,1,1,-1,-1,0,0,-1,1,-1,1,0,0,-1,0,0,0,0,0,0,0,0,0,0,0,0,0,0,0,0,0
211,18-25 ans,"Élèves, étudiants",Femme,121,48,101,35,2,1,1,2,2,3,2,2,2,3,1,1,0,2,0,1,2,1,2,2,3,2,3,2,3,2,3,2,2,2,3,1,1,2,1,-1,1,0,0,0,0,0,0,-1,1,0,0,-1,0,0,0,0,0,-1,1,0,-1,1,0,-1,0,0,-1,1,-1,1,0,-1
212,18-25 ans,"Élèves, étudiants",Femme,78,40,55,21,1,3,1,1,2,2,3,2,2,2,2,2,1,2,3,1,2,2,1,3,3,2,3,3,3,2,3,2,1,1,3,2,1,2,0,-1,0,1,0,-1,1,-1,0,-1,1,-1,0,-1,1,0,-1,-1,0,1,0,0,1,-1,1,-1,-1,1,1,0,1,0,0,-1
213,18-25 ans,"Élèves, étudiants",Femme,157,57,90,37,1,1,1,3,2,3,2,2,1,2,2,1,2,2,1,1,1,2,2,2,3,2,3,3,3,3,2,2,2,2,3,1,2,1,0,-1,0,1,-1,1,1,-1,0,-1,1,-1,-1,-1,0,1,-1,0,-1,-1,1,-1,1,-1,-1,1,-1,0,1,-1,-1,1,1,0
214,18-25 ans,"Élèves, étudiants",Femme,74,37,49,24,3,2,3,2,2,3,2,2,1,1,1,1,2,1,2,1,3,2,2,3,3,2,3,2,2,1,2,1,3,2,2,2,1,3,-1,0,1,-1,0,1,-1,1,0,-1,0,1,0,1,-1,0,1,-1,0,1,-1,-1,1,1,-1,-1,-1,1,0,0,1,-1,1,-1
215,18-25 ans,"Élèves, étudiants",Femme,213,36,243,47,2,1,1,3,1,3,2,2,3,3,2,2,2,2,2,1,1,3,1,3,2,2,2,3,2,3,3,2,2,1,2,1,2,3,1,0,-1,0,0,1,-1,1,-1,1,-1,1,0,-1,0,0,0,1,-1,0,0,-1,1,-1,1,-1,0,0,1,0,-1,-1,1,0
216,18-25 ans,"Élèves, étudiants",Femme,72,42,62,26,1,2,2,1,3,1,2,3,1,3,1,2,1,2,2,1,2,2,2,1,3,2,2,3,2,3,2,2,1,2,2,3,2,3,0,1,1,-1,0,-1,0,1,1,1,0,-1,1,1,-1,-1,1,-1,1,1,-1,0,1,-1,-1,1,0,0,1,-1,1,-1,1,1
217,18-25 ans,"Élèves, étudiants",Femme,75,25,95,23,2,1,2,2,1,3,3,2,1,1,2,2,1,1,1,0,1,3,2,2,3,3,2,2,2,1,2,2,2,3,2,2,3,1,0,0,0,0,0,0,0,0,0,0,0,0,0,0,0,0,0,0,0,0,0,0,0,0,0,0,0,0,0,0,0,0,0,0
218,18-25 ans,"Élèves, étudiants",Femme,280,37,59,34,3,0,1,3,2,3,1,3,2,3,2,1,2,1,1,2,1,3,2,1,3,1,3,3,2,2,3,2,3,1,1,3,2,2,1,0,-1,1,-1,1,-1,1,-1,1,0,0,0,-1,0,0,0,1,1,0,-1,-1,1,-1,0,0,1,-1,1,-1,1,-1,1,0
219,18-25 ans,"Élèves, étudiants",Femme,111,40,89,29,2,2,2,2,1,2,2,2,2,2,2,1,2,2,1,2,0,3,1,3,1,2,3,3,2,3,2,2,2,2,2,1,2,3,0,-1,1,0,1,-1,0,0,0,-1,1,-1,0,0,1,-1,0,0,1,-1,1,-1,0,0,1,0,1,0,-1,1,0,0,0,1
220,18-25 ans,"Élèves, étudiants",Femme,50,18,70,26,2,0,2,3,2,2,2,3,1,2,1,2,1,2,1,2,2,1,3,1,3,2,3,1,2,3,2,3,1,2,2,3,3,2,0,0,-1,1,-1,0,1,-1,0,0,0,-1,0,-1,0,1,-1,0,0,0,0,0,0,0,0,0,0,0,0,0,0,0,0,0
221,18-25 ans,"Élèves, étudiants",Femme,107,43,54,36,3,0,1,3,2,3,1,3,2,3,2,1,2,1,1,2,1,2,2,3,2,1,2,2,3,3,3,2,2,1,1,3,3,2,0,0,1,-1,1,-1,0,0,0,0,-1,1,0,1,0,-1,0,0,1,0,-1,1,-1,1,-1,1,1,-1,-1,0,1,0,-1,1
222,18-25 ans,"Élèves, étudiants",Femme,119,30,67,36,2,2,1,3,1,2,3,1,2,2,2,1,2,3,2,1,1,2,2,2,3,3,3,2,2,3,3,1,1,3,1,2,2,2,0,1,0,-1,0,0,1,0,0,1,-1,0,1,1,-1,1,0,-1,0,1,-1,1,-1,-1,-1,1,-1,0,1,-1,1,1,-1,1
223,18-25 ans,"Élèves, étudiants",Homme,62,27,58,21,2,1,1,2,1,3,1,2,2,3,1,2,1,2,1,2,2,2,2,2,2,2,1,3,2,1,2,3,2,3,2,1,2,1,1,0,-1,1,-1,1,-1,1,-1,1,0,0,0,-1,-1,1,-1,1,0,-1,1,-1,1,-1,1,0,1,0,0,0,-1,0,0,1
224,18-25 ans,"Élèves, étudiants",Femme,90,35,51,26,1,2,2,1,0,2,1,2,1,1,1,2,1,2,1,1,1,3,2,1,1,2,1,1,2,2,1,2,2,3,1,3,2,1,-1,1,1,0,0,0,0,-1,0,0,1,0,-1,1,0,0,-1,-1,1,0,0,0,0,-1,0,0,0,0,0,-1,1,0,-1,0
225,18-25 ans,"Élèves, étudiants",Homme,77,33,49,21,2,1,1,3,2,3,1,3,3,3,2,1,2,2,1,2,0,2,1,3,2,1,2,3,2,2,2,2,2,3,3,1,2,3,1,0,-1,0,0,0,-1,1,-1,1,-1,0,1,-1,0,-1,0,-1,1,1,-1,1,-1,1,0,0,0,0,-1,1,1,0,-1,0
226,18-25 ans,"Élèves, étudiants",Femme,120,40,66,32,2,1,1,3,1,3,0,3,1,3,2,2,3,2,2,3,2,2,1,2,1,2,2,3,2,2,3,1,3,2,3,2,1,3,-1,-1,1,-1,-1,1,0,-1,1,-1,1,1,-1,1,-1,1,0,-1,0,0,0,1,-1,1,-1,1,-1,0,-1,1,0,1,-1,0
227,18-25 ans,"Élèves, étudiants",Homme,68,18,34,10,1,3,2,2,1,2,2,2,1,2,2,1,2,1,1,2,1,1,3,3,3,1,2,3,3,2,2,1,1,1,1,3,1,1,0,0,0,0,0,0,0,0,0,0,0,0,0,0,0,0,0,0,0,0,0,0,0,0,0,0,0,0,0,0,0,0,0,0
228,46-55 ans,Retraités,Homme,144,67,112,36,1,1,1,2,2,2,1,2,0,2,1,2,1,0,2,1,2,2,2,2,2,1,3,1,2,1,3,3,2,2,2,2,3,1,-1,-1,1,0,1,-1,1,0,0,-1,1,-1,1,0,1,-1,0,0,0,0,-1,0,0,0,0,0,0,-1,0,0,0,-1,0,0
229,18-25 ans,"Élèves, étudiants",Femme,55,25,84,19,2,1,1,3,1,3,1,3,2,3,2,2,2,2,2,2,1,2,1,3,2,1,3,2,3,3,2,2,3,3,2,3,2,1,-1,0,0,1,-1,1,-1,-1,0,-1,1,1,-1,0,0,1,-1,-1,1,-1,0,0,1,-1,0,1,1,-1,1,-1,0,0,0,1
230,18-25 ans,"Élèves, étudiants",Femme,78,28,96,27,3,0,2,3,1,3,2,3,1,3,1,2,1,2,2,1,2,1,1,3,3,2,3,3,3,2,2,2,1,2,3,2,2,2,1,0,1,-1,-1,1,-1,0,-1,1,0,1,-1,1,-1,1,-1,0,-1,1,-1,-1,1,0,-1,1,-1,0,1,-1,0,-1,1,-1
231,18-25 ans,"Élèves, étudiants",Femme,95,42,83,40,1,2,1,3,1,2,3,1,1,3,2,1,2,1,2,1,2,2,1,2,2,2,2,2,2,3,2,2,3,2,1,2,2,3,0,-1,-1,1,0,0,-1,1,0,-1,1,0,-1,-1,1,-1,1,-1,1,-1,1,-1,-1,0,1,-1,1,0,-1,1,0,1,-1,1
232,18-25 ans,"Élèves, étudiants",Femme,182,51,123,47,1,2,2,3,2,3,1,2,3,3,1,1,1,2,1,2,1,3,2,1,3,3,3,3,2,2,3,3,1,2,2,1,2,3,0,1,-1,0,0,1,0,-1,1,1,-1,1,-1,0,0,1,0,0,-1,0,1,0,-1,1,0,0,-1,1,-1,1,-1,1,0,0
233,18-25 ans,"Élèves, étudiants",Femme,154,62,90,44,2,1,1,2,3,2,0,3,1,3,1,1,3,2,1,2,2,2,1,2,1,2,2,3,1,2,3,1,3,2,3,3,2,3,1,1,-1,1,0,-1,0,0,0,1,0,-1,0,-1,1,-1,0,0,-1,1,-1,0,-1,1,-1,-1,-1,1,-1,1,1,-1,1,-1
234,18-25 ans,"Élèves, étudiants",Femme,69,36,125,71,3,1,2,2,2,3,2,2,2,2,2,1,2,1,2,1,2,3,1,2,2,1,3,3,3,1,3,2,3,2,2,2,2,3,1,-1,0,0,-1,1,-1,0,0,1,0,1,-1,-1,-1,1,0,0,1,-1,1,-1,1,1,-1,1,1,-1,-1,-1,0,-1,1,-1
235,18-25 ans,"Élèves, étudiants",Femme,71,53,73,25,1,2,1,3,2,3,2,2,3,3,2,1,2,3,1,1,1,1,1,3,3,3,3,2,2,1,2,2,1,2,3,1,2,1,-1,0,0,0,0,0,0,0,1,-1,0,0,0,0,0,0,1,1,-1,-1,1,-1,-1,0,1,-1,0,1,-1,1,-1,1,-1,1
236,18-25 ans,"Élèves, étudiants",Femme,96,47,149,27,2,1,2,3,1,3,1,2,1,3,1,2,1,1,2,2,3,3,1,2,3,1,1,2,3,1,2,3,2,2,3,2,1,3,-1,1,-1,1,-1,0,0,1,-1,0,1,-1,1,0,1,0,0,1,-1,-1,-1,1,1,-1,-1,0,1,-1,1,-1,-1,0,1,-1
237,18-25 ans,"Élèves, étudiants",Femme,157,37,74,26,2,1,2,2,1,3,1,2,1,3,2,2,1,1,1,2,1,2,2,1,2,2,2,2,3,2,3,2,2,1,3,2,2,3,0,0,0,0,0,0,0,0,0,0,0,0,0,0,0,0,0,1,0,0,-1,0,1,0,0,-1,1,-1,1,0,0,-1,1,-1
238,18-25 ans,"Élèves, étudiants",Femme,143,32,116,39,2,1,1,3,1,3,1,3,0,3,2,2,2,2,2,2,3,3,1,2,2,3,2,2,3,2,3,2,2,1,1,2,3,2,0,1,0,-1,1,-1,0,1,0,1,-1,0,1,1,0,-1,1,-1,0,0,0,0,0,1,-1,0,-1,0,0,0,0,0,1,-1
239,18-25 ans,"Élèves, étudiants",Femme,57,69,50,26,1,2,2,3,1,3,1,3,2,3,1,2,2,2,2,2,1,3,2,2,2,2,2,1,1,2,2,1,2,2,3,2,1,3,0,0,0,0,0,0,0,0,0,0,0,0,0,0,0,0,0,0,0,0,0,0,-1,1,1,0,0,0,-1,1,0,0,0,1
240,18-25 ans,"Élèves, étudiants",Homme,96,36,97,47,1,2,1,3,2,3,1,3,0,3,2,1,2,1,1,2,3,1,2,2,3,1,2,3,3,1,2,2,2,1,1,3,3,2,0,0,0,0,0,0,0,0,0,0,0,0,0,0,0,0,0,0,0,0,0,0,0,0,-1,1,0,0,0,-1,0,0,0,-1
241,18-25 ans,"Élèves, étudiants",Femme,172,50,96,33,2,1,1,3,0,3,1,3,1,3,2,3,2,2,3,2,2,2,1,1,3,2,3,2,3,1,3,2,3,2,2,2,2,2,1,-1,-1,1,0,-1,1,-1,0,0,0,-1,0,-1,1,1,-1,1,0,-1,-1,1,-1,1,-1,-1,1,-1,0,1,-1,0,1,-1
242,18-25 ans,"Élèves, étudiants",Femme,232,176,51,34,1,3,1,1,2,3,0,2,1,2,2,1,2,2,1,3,3,3,1,3,2,2,3,2,3,1,3,1,2,1,2,2,1,2,0,0,0,0,0,1,0,-1,0,0,0,1,-1,0,0,1,-1,1,0,-1,1,0,0,0,1,0,1,-1,0,1,-1,1,0,1
243,18-25 ans,"Élèves, étudiants",Femme,69,24,73,14,2,1,1,3,1,3,2,3,1,3,2,2,1,2,2,1,2,3,2,3,3,1,2,2,2,2,2,1,2,2,2,3,2,2,1,0,0,-1,0,1,0,-1,0,1,-1,1,-1,0,-1,1,-1,1,-1,1,-1,-1,1,0,-1,-1,1,0,1,-1,0,-1,1,-1
244,18-25 ans,"Élèves, étudiants",Femme,67,43,82,31,2,1,2,2,1,2,3,2,1,3,2,3,1,1,1,1,1,2,1,2,1,1,3,3,1,3,2,2,3,2,1,2,1,3,0,-1,1,-1,0,1,-1,1,-1,-1,0,1,0,0,-1,0,0,-1,1,0,-1,0,0,1,0,-1,1,-1,0,1,1,-1,1,-1
245,18-25 ans,"Élèves, étudiants",Femme,121,31,88,32,1,2,1,3,1,2,1,2,1,3,2,1,3,1,2,3,3,1,2,2,3,1,2,2,3,3,3,2,1,1,2,2,3,1,0,-1,0,1,-1,1,1,-1,0,-1,1,0,-1,-1,0,1,-1,0,1,-1,0,1,0,-1,1,-1,1,-1,1,0,0,1,-1,-1
246,18-25 ans,"Élèves, étudiants",Femme,59,34,69,31,2,1,2,2,2,2,1,2,2,3,2,2,1,1,2,1,2,2,1,1,3,3,3,2,3,2,3,2,1,2,2,2,2,2,0,1,-1,0,1,1,-1,0,0,1,-1,1,-1,-1,1,-1,0,0,-1,1,-1,-1,1,1,-1,-1,-1,1,0,-1,1,-1,1,-1
247,18-25 ans,"Élèves, étudiants",Femme,145,61,117,38,3,0,1,1,1,3,2,1,2,3,2,2,1,1,2,1,1,3,1,2,2,2,2,1,1,3,2,3,2,2,3,2,3,3,-1,0,0,0,0,0,0,0,1,-1,0,0,0,0,0,0,1,-1,1,0,-1,0,0,0,0,0,0,-1,0,0,1,-1,0,0
248,18-25 ans,"Élèves, étudiants",Femme,86,28,70,13,2,2,2,1,2,2,2,1,1,2,3,2,3,0,3,2,2,1,2,1,3,2,2,1,2,2,1,2,2,2,2,1,2,1,0,0,0,0,0,0,0,0,0,0,0,0,0,0,0,0,0,0,0,0,0,0,0,0,0,0,0,0,0,0,0,0,0,0
249,18-25 ans,Sans activité professionnelle,Homme,89,57,58,45,3,1,1,3,1,2,3,1,3,2,2,1,2,2,2,1,2,2,2,2,3,1,3,2,1,2,2,2,3,2,2,2,2,3,-1,1,1,-1,1,0,1,-1,1,0,-1,1,0,1,-1,1,0,1,1,-1,0,0,1,-1,1,0,1,-1,1,-1,0,0,-1,1
250,18-25 ans,"Élèves, étudiants",Femme,96,52,75,63,1,2,2,2,2,3,2,2,2,3,2,1,2,2,2,1,2,1,1,3,3,2,2,2,3,2,2,1,2,2,3,1,2,3,1,-1,-1,1,0,0,0,1,-1,0,0,0,1,-1,1,0,-1,0,1,1,-1,1,-1,0,0,0,1,0,0,0,1,0,-1,0
251,18-25 ans,"Élèves, étudiants",Femme,201,36,63,27,1,3,1,1,1,1,1,1,1,2,2,2,2,2,2,2,2,2,1,2,2,2,1,2,2,3,3,3,3,2,2,3,2,3,-1,1,-1,0,0,0,0,0,0,1,-1,0,0,1,0,0,0,-1,-1,1,1,-1,0,-1,1,-1,-1,1,-1,1,0,0,-1,1
252,18-25 ans,"Élèves, étudiants",Femme,152,61,87,25,2,1,2,3,1,3,2,3,2,3,1,2,1,1,2,1,1,3,1,2,3,2,3,2,2,2,3,3,2,1,1,1,2,2,0,0,1,1,-1,0,1,1,-1,0,1,-1,1,1,-1,1,-1,1,-1,0,-1,1,-1,1,0,-1,1,-1,1,1,-1,1,0,-1
253,18-25 ans,"Élèves, étudiants",Femme,61,30,60,17,2,1,1,3,2,3,1,3,1,3,2,1,2,2,1,2,2,3,2,1,3,2,2,3,2,2,3,2,3,2,1,2,2,1,-1,0,1,-1,1,-1,0,1,0,-1,0,0,1,1,0,-1,1,1,0,0,-1,1,-1,1,-1,1,1,-1,0,0,0,0,0,0
254,18-25 ans,"Élèves, étudiants",Femme,173,32,45,27,1,2,1,1,2,2,1,2,2,3,2,2,3,3,3,1,2,3,1,2,3,2,2,3,3,3,2,2,2,1,3,2,2,1,0,1,0,-1,-1,1,0,0,1,1,-1,0,0,1,-1,1,1,1,0,0,0,-1,1,-1,1,-1,1,0,1,0,0,-1,0,0
255,18-25 ans,"Élèves, étudiants",Femme,60,28,42,22,1,0,2,3,2,2,1,1,1,1,1,2,2,2,1,1,2,2,2,2,2,1,3,2,2,1,2,2,2,1,1,2,3,1,0,0,0,1,-1,-1,1,-1,1,0,1,-1,1,0,1,1,0,0,0,0,0,0,0,0,0,0,0,0,0,0,0,0,0,0
256,18-25 ans,"Élèves, étudiants",Femme,29,32,25,14,2,0,3,2,2,1,2,3,2,2,1,1,1,3,0,1,1,2,2,3,2,2,2,2,1,1,3,1,2,2,1,2,2,1,0,0,0,0,0,0,0,0,0,0,0,0,0,0,0,0,0,-1,1,-1,1,-1,0,1,-1,1,-1,0,-1,-1,0,1,1,-1
257,18-25 ans,"Élèves, étudiants",Femme,30,19,59,14,2,1,2,2,2,3,2,2,3,3,2,1,2,3,2,1,1,3,3,1,3,2,3,2,1,3,2,2,1,1,2,2,2,2,0,0,0,0,0,0,0,0,0,0,0,0,0,0,0,0,0,0,0,0,0,0,0,0,0,0,0,0,0,0,0,0,0,0
258,18-25 ans,"Élèves, étudiants",Femme,53,21,25,10,2,2,3,2,2,2,1,3,1,2,1,2,2,1,2,1,2,3,2,3,1,2,2,1,3,2,3,3,2,2,1,3,3,2,0,0,0,0,0,0,0,0,0,0,0,0,0,0,0,0,0,0,0,0,0,0,0,0,0,0,0,0,0,0,0,0,0,0
259,26-35 ans,Professions intermédiaires,Femme,78,20,143,36,2,1,1,3,1,3,2,3,1,3,2,2,1,2,2,1,2,1,3,2,2,2,2,3,2,2,2,2,2,3,2,3,2,3,0,0,0,0,0,0,0,0,0,0,0,0,0,0,0,0,0,0,0,-1,1,-1,1,-1,1,1,0,0,0,-1,-1,1,-1,1
260,26-35 ans,Cadres et professions intellectuelles supérieures,Homme,74,33,66,33,2,1,2,2,2,3,2,2,1,3,2,1,2,1,2,1,1,2,1,2,2,1,3,1,3,3,1,3,2,3,3,1,3,2,-1,1,0,-1,1,-1,1,-1,1,0,-1,0,1,1,1,0,0,-1,1,1,-1,1,-1,0,1,-1,0,-1,0,1,1,-1,-1,-1
261,36-45 ans,Employés,Femme,52,50,84,48,3,0,2,3,1,3,2,3,1,3,1,2,1,2,2,1,2,2,1,2,3,2,2,2,3,3,3,1,2,1,3,2,2,2,1,0,0,0,-1,1,-1,0,-1,1,0,0,-1,0,-1,1,-1,1,-1,-1,1,-1,0,-1,1,0,1,1,-1,-1,-1,1,-1,1
262,18-25 ans,"Élèves, étudiants",Femme,148,20,81,29,2,1,2,3,1,2,2,3,2,3,1,1,1,1,2,2,1,1,3,3,3,1,3,2,2,2,3,2,2,2,2,3,2,1,0,0,0,0,0,0,0,0,0,0,0,0,0,0,0,0,0,-1,-1,1,-1,0,-1,0,1,1,-1,1,-1,1,1,-1,-1,1
263,18-25 ans,Cadres et professions intellectuelles supérieures,Femme,318,56,79,25,2,1,1,3,1,3,2,3,1,3,2,2,1,2,2,1,2,2,1,2,2,2,3,2,2,1,3,1,2,1,1,2,1,1,1,0,0,-1,0,1,0,-1,0,1,-1,1,-1,0,-1,1,-1,-1,1,-1,0,1,0,-1,1,0,1,-1,1,1,0,1,-1,1
264,18-25 ans,Employés,Femme,118,41,71,32,2,1,2,3,1,3,1,2,3,3,1,2,1,3,2,2,1,3,3,2,3,3,3,3,2,3,2,2,1,2,1,2,1,2,0,0,0,0,1,-1,0,0,1,0,0,0,0,0,1,-1,1,-1,0,0,0,1,-1,0,1,0,-1,0,0,1,0,1,-1,1
265,56-65 ans,Cadres et professions intellectuelles supérieures,Homme,133,39,113,118,3,1,1,3,1,2,1,3,1,2,2,1,2,2,2,1,2,3,1,1,3,3,3,1,3,2,3,2,1,2,2,1,3,2,-1,0,1,0,1,-1,1,-1,1,-1,1,0,-1,1,1,0,-1,0,0,0,0,1,-1,-1,1,0,0,0,0,1,0,1,-1,1
266,46-55 ans,Cadres et professions intellectuelles supérieures,Femme,38,24,44,24,2,1,1,3,3,3,2,3,1,3,2,0,1,2,0,1,2,2,2,3,3,2,2,2,2,1,1,1,2,3,2,1,2,3,0,0,0,0,0,0,0,0,0,0,0,0,0,0,0,0,0,0,1,-1,1,-1,1,-1,0,0,1,0,0,-1,0,0,0,0
267,26-35 ans,Cadres et professions intellectuelles supérieures,Femme,150,88,83,45,1,2,1,2,2,3,2,2,3,3,1,1,2,1,2,1,1,2,1,2,2,2,2,3,1,3,3,1,2,3,3,3,2,3,0,0,0,0,0,0,0,0,0,0,0,0,0,0,0,0,0,1,0,0,-1,1,-1,-1,1,0,1,-1,1,0,0,1,-1,1
268,56-65 ans,Cadres et professions intellectuelles supérieures,Homme,74,33,54,38,1,1,2,2,3,3,1,2,2,2,2,0,1,3,1,2,2,2,2,1,2,1,3,2,3,1,2,3,2,1,1,2,1,2,0,1,0,0,-1,1,0,-1,0,1,0,0,-1,1,-1,1,-1,0,-1,0,0,1,-1,0,0,0,-1,0,0,0,-1,1,-1,0
269,18-25 ans,"Élèves, étudiants",Femme,109,44,73,29,2,1,1,3,2,2,2,3,2,3,2,0,1,2,1,2,1,2,3,1,3,1,3,1,2,2,1,2,2,3,3,3,3,2,1,-1,-1,1,-1,1,-1,0,-1,0,1,0,-1,-1,0,1,-1,0,-1,0,1,0,-1,1,-1,1,-1,1,-1,0,-1,1,0,0
270,18-25 ans,"Élèves, étudiants",Femme,86,162,35,28,3,1,2,2,2,3,2,2,2,2,2,1,2,1,2,1,2,1,1,3,2,2,2,1,3,1,2,2,2,3,3,2,1,3,1,-1,-1,1,-1,1,-1,0,0,1,0,1,-1,-1,-1,1,0,-1,1,-1,1,-1,1,-1,1,-1,0,-1,1,-1,-1,0,-1,1
271,18-25 ans,"Élèves, étudiants",Homme,62,36,207,20,2,2,1,2,2,1,2,1,2,2,1,3,1,1,2,3,3,2,1,2,3,3,3,3,3,1,2,2,1,1,1,2,1,2,0,1,-1,0,1,-1,0,0,1,1,-1,0,0,0,1,-1,1,1,-1,1,-1,1,1,-1,1,0,1,-1,1,-1,0,-1,-1,1
272,18-25 ans,"Élèves, étudiants",Femme,96,28,43,31,0,3,2,2,1,2,2,3,2,3,2,3,1,1,3,2,1,3,1,3,3,2,2,2,1,3,2,1,2,2,2,1,3,3,0,0,-1,1,0,-1,1,0,0,0,0,-1,1,-1,1,0,0,1,0,-1,-1,1,-1,1,-1,1,1,-1,0,0,-1,0,0,0
273,26-35 ans,"Élèves, étudiants",Femme,41,90,62,31,1,2,2,3,2,3,2,3,0,3,1,1,1,2,1,1,3,1,3,2,1,2,3,2,3,2,3,2,3,1,2,1,1,2,-1,-1,1,-1,-1,1,-1,1,0,-1,1,1,-1,1,-1,1,1,0,-1,1,0,0,1,-1,1,0,-1,1,1,0,-1,0,0,1
274,18-25 ans,"Élèves, étudiants",Femme,83,46,65,20,3,1,2,3,2,3,1,3,1,2,1,1,2,1,1,2,2,3,1,2,2,3,3,3,3,2,3,2,1,2,1,3,1,2,0,0,-1,1,0,0,0,0,0,0,0,0,0,-1,1,0,0,1,1,-1,0,0,0,1,1,-1,1,-1,0,1,-1,0,1,0
275,18-25 ans,"Élèves, étudiants",Femme,74,24,52,17,2,1,1,3,2,3,0,3,2,3,2,1,3,2,1,3,1,2,2,3,2,2,1,3,1,3,1,2,2,3,1,2,3,2,0,0,1,-1,0,1,0,-1,1,0,0,1,-1,1,-1,1,0,0,0,0,0,-1,0,1,0,0,0,0,-1,1,0,-1,1,0
276,18-25 ans,"Élèves, étudiants",Femme,75,29,272,25,1,1,2,1,3,2,1,2,0,2,1,1,3,3,2,1,2,1,2,2,3,2,2,3,3,2,3,1,1,2,3,1,2,1,-1,0,1,0,1,-1,1,0,0,-1,1,-1,1,1,1,-1,0,-1,-1,0,1,0,0,0,0,0,-1,1,0,0,-1,1,0,0
277,18-25 ans,"Élèves, étudiants",Femme,108,30,62,23,1,2,2,3,1,3,1,3,2,3,1,2,2,2,2,2,1,3,2,3,3,2,2,3,2,2,3,1,1,2,1,2,1,2,0,0,1,-1,0,1,-1,-1,0,0,-1,1,-1,1,-1,1,-1,1,0,0,0,0,0,-1,1,0,1,0,0,0,0,0,-1,1
278,18-25 ans,"Élèves, étudiants",Femme,66,121,93,25,2,1,2,2,2,2,1,2,2,3,2,2,1,1,2,3,2,2,2,2,2,3,1,2,3,2,1,2,3,1,2,2,3,3,1,-1,1,-1,1,-1,0,1,-1,0,0,0,1,0,0,-1,0,1,1,-1,0,0,1,1,-1,1,1,-1,1,-1,0,0,1,0
279,18-25 ans,"Élèves, étudiants",Femme,107,52,70,27,3,1,2,3,2,3,1,3,1,2,1,1,2,3,1,2,2,1,2,2,3,2,3,3,3,2,3,2,2,1,1,2,1,2,1,-1,-1,1,-1,1,-1,-1,0,1,1,1,-1,-1,1,1,-1,1,-1,1,-1,-1,1,-1,1,0,0,0,1,-1,0,-1,1,1
280,18-25 ans,"Élèves, étudiants",Femme,52,31,43,24,1,2,3,2,1,2,1,2,1,3,1,1,3,1,1,3,1,2,1,2,2,2,2,2,1,1,3,3,2,3,2,3,3,2,1,1,-1,1,-1,1,1,-1,1,1,-1,0,0,-1,0,1,0,-1,-1,0,1,-1,1,-1,-1,1,-1,1,1,-1,-1,0,1,0
281,18-25 ans,"Élèves, étudiants",Femme,128,30,63,35,1,2,1,1,1,3,1,2,1,1,2,2,1,1,0,2,1,2,2,2,3,3,3,2,3,3,2,2,1,1,2,1,2,2,0,-1,1,0,0,0,-1,1,0,-1,1,0,0,0,0,-1,1,0,0,0,1,-1,1,1,-1,1,0,1,0,-1,0,0,1,-1
282,18-25 ans,"Élèves, étudiants",Femme,77,26,44,22,2,2,1,2,2,3,1,1,3,2,3,1,2,3,2,2,2,2,2,2,2,2,1,1,3,1,3,1,3,2,1,3,2,3,-1,0,0,0,0,-1,0,1,0,-1,0,-1,1,0,0,-1,1,0,-1,1,1,-1,1,1,1,-1,-1,1,-1,1,-1,-1,1,0
283,46-55 ans,Professions intermédiaires,Femme,180,48,108,20,1,3,0,3,2,3,1,3,1,2,3,1,2,3,1,2,2,2,3,2,3,1,2,1,3,2,3,1,1,2,1,3,2,3,0,0,0,0,0,0,0,0,0,0,0,0,0,0,0,0,0,0,1,1,0,0,0,0,0,-1,1,1,0,0,1,0,0,-1
284,26-35 ans,Cadres et professions intellectuelles supérieures,Femme,120,31,103,26,2,1,1,3,1,3,0,3,1,3,2,2,3,2,2,3,2,3,1,2,2,2,2,3,2,1,3,2,3,1,1,2,3,2,1,0,0,-1,0,1,0,-1,0,1,-1,1,-1,0,-1,1,-1,0,-1,1,0,1,-1,0,0,-1,-1,1,0,0,0,1,-1,-1
285,36-45 ans,Sans activité professionnelle,Homme,63,50,59,22,2,2,3,2,2,2,3,2,3,2,1,2,1,1,2,1,1,2,3,2,2,2,2,2,2,2,2,1,2,2,2,3,2,2,0,-1,1,-1,0,1,-1,0,1,-1,0,1,-1,0,-1,0,1,0,-1,1,-1,1,-1,1,-1,-1,-1,0,0,1,0,0,0,-1
286,26-35 ans,"Élèves, étudiants",Femme,200,76,168,22,0,3,1,3,1,3,2,3,1,3,2,2,1,2,2,1,2,3,1,2,3,2,1,3,3,2,3,3,2,1,2,2,3,2,0,0,0,0,0,0,0,0,0,0,0,0,0,0,0,0,0,1,0,0,-1,1,0,1,-1,1,1,-1,1,-1,0,-1,1,-1
287,18-25 ans,"Élèves, étudiants",Femme,108,22,66,16,2,1,0,3,1,3,1,3,1,3,3,2,2,1,2,2,2,1,1,3,3,1,2,1,3,3,2,1,3,2,3,2,2,2,0,1,0,-1,-1,1,-1,0,0,1,-1,1,-1,1,-1,1,0,0,0,0,0,0,0,0,0,0,0,0,0,0,0,0,0,0
288,18-25 ans,"Élèves, étudiants",Homme,124,66,68,64,1,3,1,3,2,3,3,3,2,2,2,1,0,2,1,0,1,1,2,2,1,3,2,1,2,2,3,2,2,2,2,3,1,3,0,-1,0,1,0,1,-1,1,-1,-1,1,1,0,-1,1,0,-1,0,1,0,-1,0,-1,1,1,-1,1,-1,-1,1,1,-1,0,0
289,18-25 ans,"Élèves, étudiants",Homme,144,55,61,41,2,1,2,1,2,1,2,1,3,1,1,1,1,3,1,1,2,3,2,2,3,3,2,2,2,2,1,1,2,2,2,2,3,2,0,1,-1,0,0,0,0,0,0,1,-1,0,0,0,0,0,0,1,-1,0,1,-1,-1,0,0,1,1,1,-1,0,-1,0,-1,1
290,18-25 ans,"Élèves, étudiants",Femme,105,26,84,27,2,1,1,3,1,3,1,3,2,3,2,2,2,2,2,2,1,1,2,3,3,2,2,2,2,1,3,2,1,2,2,1,1,3,0,-1,0,1,-1,1,0,-1,0,-1,1,0,-1,-1,0,1,-1,-1,-1,1,-1,1,-1,1,0,0,-1,1,-1,1,1,0,-1,0
291,18-25 ans,"Élèves, étudiants",Femme,64,252,117,43,3,0,2,1,3,1,2,1,3,3,1,2,1,2,2,1,2,3,1,1,3,1,2,3,2,2,3,3,1,2,2,3,2,2,1,0,0,1,-1,1,0,1,-1,1,1,-1,1,0,-1,1,0,1,1,-1,1,0,1,-1,0,0,1,-1,1,-1,-1,1,-1,0
292,26-35 ans,"Élèves, étudiants",Homme,71,29,43,13,2,1,2,3,1,2,3,2,1,3,1,1,1,1,2,1,3,2,2,1,2,3,1,1,3,1,3,1,3,3,3,1,2,2,0,0,0,0,0,0,0,0,0,0,0,0,0,0,0,0,0,0,1,-1,1,-1,1,1,-1,1,1,0,-1,0,0,-1,1,0
293,18-25 ans,"Élèves, étudiants",Homme,50,53,91,47,2,1,2,3,2,3,1,3,2,3,1,1,2,1,1,2,1,1,3,1,3,2,3,1,3,2,2,3,2,2,3,2,2,2,0,0,0,-1,0,1,0,0,-1,0,-1,1,0,0,-1,1,-1,0,0,1,0,-1,1,0,-1,0,0,1,0,-1,1,-1,1,-1
294,18-25 ans,"Élèves, étudiants",Femme,68,25,48,17,0,3,1,3,2,3,1,3,1,3,2,1,2,2,1,2,2,3,1,2,2,2,2,3,3,1,3,1,3,1,3,2,1,3,0,1,-1,-1,1,-1,1,1,0,1,-1,0,1,0,0,0,1,1,0,-1,1,-1,1,-1,1,0,1,0,0,0,-1,1,-1,1
295,66-75 ans,Retraités,Femme,404,89,778,97,1,2,1,3,0,3,2,2,3,3,2,3,2,1,3,1,1,2,1,3,3,2,2,2,3,1,3,1,2,1,2,2,2,3,1,-1,1,-1,0,1,-1,1,-1,1,-1,1,0,0,-1,0,-1,-1,1,-1,1,0,0,0,-1,1,1,1,0,-1,1,1,0,0
296,46-55 ans,Employés,Femme,77,32,74,61,2,2,1,2,0,3,1,2,1,2,1,3,1,1,2,2,1,2,2,2,1,3,2,2,2,2,3,1,2,2,3,3,3,1,0,1,-1,1,0,-1,1,-1,1,1,0,-1,0,0,1,0,0,1,1,0,0,-1,1,1,-1,1,1,0,-1,0,1,-1,1,0
297,66-75 ans,Retraités,Femme,246,67,161,55,3,1,3,3,1,3,1,3,1,2,0,2,2,2,2,2,2,3,1,2,2,2,3,1,3,2,3,1,1,2,3,1,2,2,-1,-1,1,-1,1,0,0,0,1,-1,0,1,0,1,-1,0,1,0,1,1,0,-1,-1,1,-1,1,1,1,-1,0,1,-1,-1,1
298,36-45 ans,Cadres et professions intellectuelles supérieures,Homme,55,31,62,20,3,1,1,3,2,3,1,3,2,2,2,1,2,2,1,2,1,3,2,1,2,3,1,2,1,3,3,1,3,2,1,3,1,2,0,0,0,0,0,0,0,0,0,0,0,0,0,0,0,0,0,-1,-1,1,1,0,0,-1,1,0,-1,1,0,0,0,1,-1,1
299,46-55 ans,Cadres et professions intellectuelles supérieures,Femme,127,638,147,173,2,1,2,3,1,3,2,3,2,3,1,2,1,1,2,1,1,2,1,3,3,2,3,1,3,1,3,1,2,3,3,1,2,2,-1,1,-1,1,0,-1,1,-1,1,0,0,-1,0,0,1,0,0,0,1,-1,1,-1,0,-1,1,0,1,0,-1,0,-1,1,-1,1
300,56-65 ans,Professions intermédiaires,Femme,170,301,147,76,1,2,2,3,2,3,2,3,2,3,1,1,1,2,1,1,1,2,2,3,3,3,3,1,3,3,3,1,1,2,2,2,2,2,1,0,-1,1,-1,1,-1,1,-1,1,0,0,0,-1,0,0,0,1,0,-1,1,-1,1,-1,1,-1,1,1,-1,0,-1,1,0,0
301,18-25 ans,"Élèves, étudiants",Femme,30,20,54,21,2,0,3,2,2,3,1,3,1,2,1,1,2,3,2,2,2,3,1,2,2,3,3,2,2,3,3,2,1,2,2,2,1,1,0,0,-1,0,1,-1,1,-1,0,0,-1,0,0,-1,1,0,-1,1,0,0,-1,1,0,0,1,-1,1,-1,1,1,0,-1,0,0
302,18-25 ans,"Élèves, étudiants",Femme,50,15,48,23,1,1,0,3,2,3,1,1,1,2,3,1,2,1,1,2,2,2,2,2,2,2,2,1,3,3,3,3,2,2,2,3,2,1,0,0,0,0,0,0,0,0,0,0,0,0,0,0,0,0,0,1,0,0,-1,1,-1,1,-1,0,1,-1,0,0,0,0,0,-1
303,18-25 ans,Cadres et professions intellectuelles supérieures,Femme,92,45,73,19,2,1,2,3,2,3,1,3,2,3,1,1,2,1,1,2,1,2,3,1,3,3,3,2,2,3,2,2,2,3,3,1,2,1,1,0,0,0,-1,1,0,0,-1,1,0,0,0,0,-1,1,-1,1,0,-1,1,-1,0,1,0,-1,1,0,-1,1,-1,0,1,-1
304,18-25 ans,"Élèves, étudiants",Femme,164,198,147,16,1,2,2,3,2,3,3,2,1,3,1,1,1,2,1,0,3,2,2,2,2,2,3,3,3,2,2,3,2,1,2,2,1,2,0,0,0,0,0,0,0,0,0,0,0,0,0,0,0,0,0,0,0,0,0,0,0,0,0,0,0,0,0,0,0,0,0,0
305,18-25 ans,"Élèves, étudiants",Femme,85,45,67,53,1,2,1,2,2,3,1,3,0,3,1,1,2,1,2,2,3,1,3,3,1,2,2,3,2,2,2,2,3,2,2,3,2,2,0,-1,1,0,-1,1,0,0,0,-1,1,0,0,0,-1,1,0,0,-1,1,-1,0,1,0,-1,1,-1,1,1,-1,-1,-1,1,-1
306,18-25 ans,"Élèves, étudiants",Homme,99,49,60,25,2,1,2,2,3,2,2,1,2,1,2,1,1,1,1,2,1,2,1,3,2,2,2,2,1,2,2,2,2,1,3,3,2,1,1,1,-1,1,0,1,-1,1,0,1,-1,1,-1,-1,1,-1,1,1,-1,-1,1,-1,-1,1,1,-1,1,1,-1,1,-1,1,-1,-1
307,18-25 ans,"Élèves, étudiants",Femme,151,32,62,25,3,1,1,3,2,2,1,2,2,2,2,2,3,0,1,3,2,2,1,2,3,2,2,2,3,1,3,1,1,2,1,2,2,3,-1,1,-1,1,0,-1,0,1,0,-1,1,-1,1,0,1,-1,1,1,0,-1,0,0,0,0,1,-1,1,-1,0,1,-1,0,0,0
308,46-55 ans,Cadres et professions intellectuelles supérieures,Femme,121,83,122,30,2,1,2,3,2,3,1,3,2,3,1,1,2,1,1,2,1,3,3,1,1,2,2,1,2,2,1,2,2,2,3,2,2,3,0,1,-1,1,-1,1,0,-1,1,1,0,0,-1,0,0,1,0,-1,1,-1,-1,1,-1,0,0,0,0,-1,1,0,0,1,-1,0
309,18-25 ans,"Élèves, étudiants",Femme,47,47,82,23,3,0,1,3,2,3,1,3,2,3,2,1,2,1,1,2,1,2,2,1,3,1,2,3,3,3,3,2,2,1,2,3,3,2,1,0,-1,1,-1,1,-1,1,-1,1,0,0,0,-1,0,0,0,-1,1,0,-1,1,0,-1,1,0,0,-1,1,0,1,0,-1,1
310,18-25 ans,"Élèves, étudiants",Femme,72,176,77,39,3,0,1,3,1,3,1,3,1,3,2,2,2,1,2,2,2,3,1,1,2,3,3,3,3,3,3,3,2,1,2,2,1,1,-1,0,0,1,-1,1,0,-1,1,-1,1,0,-1,0,0,1,0,-1,1,1,0,-1,1,-1,-1,1,-1,1,1,-1,1,-1,1,0
311,46-55 ans,Professions intermédiaires,Femme,122,98,69,49,1,2,1,3,2,3,2,2,1,1,2,1,2,1,1,1,1,3,2,3,2,3,2,2,2,2,2,1,2,2,1,2,3,2,-1,1,-1,1,-1,1,1,0,-1,0,1,-1,1,0,-1,1,-1,-1,1,-1,0,1,-1,-1,0,-1,-1,-1,1,-1,0,1,-1,-1
312,18-25 ans,"Élèves, étudiants",Femme,61,29,41,25,3,1,2,1,2,2,1,2,1,2,1,2,1,3,1,1,1,2,2,1,2,3,1,3,2,2,3,1,2,2,1,2,3,1,0,1,-1,1,-1,0,-1,1,-1,1,0,-1,0,0,0,-1,0,-1,1,-1,1,-1,1,-1,1,-1,0,0,0,1,0,-1,1,1
313,18-25 ans,"Élèves, étudiants",Femme,80,48,51,22,2,1,2,2,1,3,1,2,1,3,0,2,1,1,1,2,1,3,3,2,2,3,3,2,3,2,2,3,1,2,1,3,2,2,0,0,0,0,0,1,-1,1,-1,0,0,1,0,0,0,0,0,0,1,-1,1,-1,1,-1,1,-1,1,-1,0,1,0,0,0,1
314,18-25 ans,"Élèves, étudiants",Femme,102,174,46,43,2,1,2,3,2,3,2,3,1,3,1,1,1,1,1,1,2,2,2,2,3,2,2,3,3,3,2,1,2,1,3,3,1,1,-1,-1,1,-1,0,1,-1,-1,1,-1,1,1,-1,0,-1,1,0,0,-1,1,-1,1,-1,1,0,-1,-1,0,0,1,0,0,0,-1
315,18-25 ans,"Élèves, étudiants",Femme,78,29,48,13,1,1,3,2,1,2,2,3,2,2,1,1,1,2,1,0,1,2,3,3,2,1,2,1,3,2,2,2,3,2,2,3,2,1,0,0,0,0,-1,1,-1,1,0,0,0,0,0,0,-1,0,1,0,0,0,0,0,0,0,0,0,0,0,0,0,0,0,0,0
316,18-25 ans,"Élèves, étudiants",Femme,39,36,83,29,2,1,1,2,1,2,3,1,2,3,1,1,2,2,1,1,1,2,2,1,1,3,3,1,2,1,3,2,2,3,2,3,2,2,1,1,-1,-1,0,1,-1,1,0,1,-1,1,-1,1,-1,0,1,0,1,0,0,-1,0,1,1,-1,1,0,-1,1,1,-1,1,0
317,46-55 ans,Employés,Femme,163,257,110,77,2,0,3,2,1,1,2,2,1,2,1,2,2,3,1,1,1,3,1,3,3,2,3,2,2,2,2,1,3,1,2,2,2,2,1,0,-1,0,0,1,-1,1,0,1,-1,1,0,-1,0,0,1,0,0,0,0,0,0,-1,1,0,0,0,0,0,0,0,-1,1
318,18-25 ans,Professions intermédiaires,Femme,197,91,55,65,1,2,2,3,1,3,3,3,2,3,1,2,0,2,2,0,1,2,1,1,3,2,3,2,3,2,3,2,3,2,2,2,2,2,1,-1,1,-1,0,1,-1,1,-1,-1,0,1,0,-1,-1,0,0,0,0,0,0,0,0,0,0,0,0,0,0,0,0,0,0,0
319,18-25 ans,"Élèves, étudiants",Femme,83,64,49,22,2,3,2,3,1,1,3,2,1,1,1,0,1,1,2,2,1,2,2,3,1,2,2,2,3,1,2,3,3,3,1,1,2,2,0,0,0,0,0,0,0,0,0,0,0,0,0,0,0,0,0,-1,1,-1,1,-1,1,1,0,0,0,-1,0,1,0,0,1,0
320,18-25 ans,"Élèves, étudiants",Homme,61,120,39,37,0,3,1,1,1,3,2,2,1,3,0,2,2,2,2,1,3,2,1,3,2,2,1,1,2,1,3,2,3,1,2,1,2,2,0,1,-1,1,0,-1,1,0,0,1,0,-1,1,0,1,0,0,0,-1,1,-1,1,-1,0,-1,1,-1,0,1,-1,0,1,-1,0
321,18-25 ans,"Élèves, étudiants",Femme,115,59,67,25,1,2,2,3,2,2,3,2,1,3,1,2,1,2,1,1,1,3,1,2,3,2,3,3,2,1,3,2,3,2,2,1,1,2,1,0,-1,1,-1,1,-1,1,-1,1,0,0,0,-1,0,0,0,1,1,0,-1,0,-1,1,-1,1,1,-1,-1,0,1,-1,1,-1
322,18-25 ans,"Élèves, étudiants",Femme,152,19,103,26,2,2,1,3,1,2,1,1,2,2,2,3,2,1,2,1,3,2,2,3,3,2,3,1,2,2,2,1,1,2,3,3,3,3,0,0,0,0,0,0,0,0,0,0,0,0,0,0,0,0,0,-1,0,1,-1,0,0,1,-1,1,-1,0,0,0,1,-1,1,0
323,18-25 ans,"Élèves, étudiants",Femme,210,77,110,92,1,2,2,3,2,3,2,3,2,3,1,1,1,2,1,1,1,2,3,2,3,2,3,3,3,2,3,1,2,1,1,2,2,2,1,0,-1,1,-1,1,-1,0,0,1,0,0,-1,-1,0,0,0,1,1,0,-1,0,1,-1,1,0,1,-1,1,0,1,-1,-1,1
324,18-25 ans,"Élèves, étudiants",Femme,78,31,30,33,3,1,1,3,1,3,1,2,3,2,2,2,1,2,2,2,1,3,1,1,2,2,1,2,3,1,3,2,3,3,2,2,1,2,0,0,0,0,0,0,0,0,0,0,0,0,0,0,0,0,0,0,0,0,-1,1,-1,1,-1,0,0,-1,1,0,0,1,0,-1
325,18-25 ans,"Élèves, étudiants",Femme,92,29,252,40,2,1,2,3,2,3,1,3,2,3,1,1,2,1,1,2,1,3,2,3,3,3,3,2,3,2,3,1,1,2,1,2,3,2,0,1,-1,1,0,-1,0,1,0,1,0,-1,1,0,1,-1,1,0,1,-1,1,1,-1,-1,1,-1,1,-1,0,1,0,1,-1,1
326,18-25 ans,"Élèves, étudiants",Femme,69,185,98,18,3,0,1,3,1,2,1,3,1,3,2,1,2,1,2,1,2,2,2,1,3,3,3,2,3,3,3,2,1,2,3,2,1,2,-1,0,0,1,0,-1,0,1,0,-1,1,-1,1,0,1,-1,1,0,0,0,0,0,0,0,0,0,0,0,0,0,0,0,0,0
327,18-25 ans,"Élèves, étudiants",Femme,167,49,206,65,3,1,3,1,3,2,1,3,1,2,2,1,2,2,2,1,2,2,2,3,3,1,2,3,1,2,2,1,2,2,2,2,3,3,0,0,0,-1,1,-1,1,-1,1,0,-1,1,-1,0,1,1,-1,-1,0,1,-1,0,1,0,0,0,-1,0,1,0,1,-1,1,0
328,18-25 ans,"Élèves, étudiants",Homme,70,36,50,22,2,1,2,2,2,3,1,3,2,3,2,1,2,1,2,2,1,1,2,2,3,2,3,3,2,2,3,2,3,2,2,2,1,3,1,0,-1,0,0,0,1,-1,1,1,-1,0,-1,-1,0,1,0,-1,1,-1,-1,1,1,-1,0,0,1,-1,1,-1,1,0,-1,0
329,18-25 ans,"Élèves, étudiants",Femme,88,30,54,23,1,2,1,3,2,3,1,3,2,3,2,1,2,3,1,2,1,3,1,3,2,3,2,2,1,3,3,2,3,3,2,1,2,2,1,-1,0,1,-1,1,0,-1,0,0,1,0,-1,-1,-1,1,-1,0,0,0,0,0,0,-1,1,0,0,0,0,-1,0,0,-1,1
330,18-25 ans,"Élèves, étudiants",Femme,101,111,43,27,1,3,2,1,1,3,2,2,1,2,3,2,2,1,2,1,1,2,1,1,3,1,2,2,3,3,3,2,1,2,2,2,1,2,1,1,1,-1,-1,1,-1,-1,1,1,-1,1,-1,1,-1,1,1,1,0,0,-1,0,1,-1,-1,1,1,-1,1,-1,0,-1,1,0
331,18-25 ans,"Élèves, étudiants",Femme,107,44,125,67,2,1,2,3,1,3,1,3,1,3,1,2,2,1,2,2,2,2,2,1,2,2,2,2,2,2,3,1,1,2,1,3,2,2,1,1,-1,0,-1,1,-1,0,1,1,-1,1,-1,0,-1,1,1,1,-1,1,0,0,1,-1,1,-1,0,1,1,-1,-1,0,-1,0
332,18-25 ans,"Élèves, étudiants",Homme,48,106,23,1527,3,1,3,2,1,2,3,2,1,2,1,1,1,2,1,1,1,2,3,3,2,3,2,3,2,1,2,1,2,2,1,2,3,1,-1,0,0,0,1,-1,1,-1,1,-1,0,0,0,0,1,0,0,1,-1,1,-1,1,-1,1,0,0,-1,1,-1,1,0,0,-1,0
333,18-25 ans,"Élèves, étudiants",Femme,114,132,157,147,3,0,2,3,2,3,1,2,3,3,1,1,1,2,1,2,1,3,1,3,3,2,3,3,3,2,3,1,2,1,2,1,2,2,1,0,-1,1,0,-1,0,1,0,1,-1,-1,1,-1,1,-1,1,-1,0,-1,1,-1,0,0,0,1,-1,1,-1,0,-1,1,0,1
334,18-25 ans,"Élèves, étudiants",Femme,105,24,60,27,3,0,1,3,1,2,3,1,1,3,2,1,2,1,2,1,2,1,3,3,3,2,3,3,2,2,2,1,3,1,1,1,1,2,0,0,0,-1,1,1,0,0,0,0,-1,1,0,0,-1,1,0,0,1,-1,1,0,0,0,1,-1,1,0,0,1,0,1,0,-1
335,46-55 ans,Professions intermédiaires,Femme,122,38,65,24,1,2,0,3,0,2,3,2,1,1,3,2,1,2,3,1,1,1,2,1,2,2,1,3,1,2,1,3,1,3,3,3,2,1,1,-1,0,1,0,0,-1,1,-1,-1,1,0,0,-1,1,-1,-1,0,0,0,0,-1,1,-1,0,0,0,0,0,-1,0,-1,0,0
336,56-65 ans,Cadres et professions intellectuelles supérieures,Femme,114,21,65,30,2,1,2,3,2,3,1,3,2,3,1,1,2,1,1,2,1,2,1,2,2,2,2,1,3,3,3,1,2,3,1,3,2,1,1,0,-1,1,-1,1,-1,1,-1,1,0,0,0,-1,0,0,0,0,0,0,0,-1,0,0,1,-1,0,0,-1,1,0,-1,0,0
337,36-45 ans,Employés,Femme,62,19,59,8,3,0,2,3,2,2,2,3,2,3,1,2,1,2,1,2,1,3,2,2,2,3,3,2,2,2,2,3,1,2,2,3,2,2,0,0,0,0,0,0,0,0,0,0,0,0,0,0,0,0,0,0,0,0,0,0,0,0,0,0,0,0,0,0,0,0,0,0
338,56-65 ans,Cadres et professions intellectuelles supérieures,Femme,120,45,56,35,1,2,2,3,1,2,3,2,2,3,1,1,1,2,2,1,2,1,2,2,3,2,2,2,3,3,3,3,2,2,3,2,2,2,1,-1,1,-1,-1,1,0,1,-1,0,0,0,1,0,-1,1,0,0,-1,0,1,-1,-1,0,1,-1,-1,1,-1,1,-1,1,-1,0
339,56-65 ans,Cadres et professions intellectuelles supérieures,Femme,156,124,62,69,1,2,1,3,1,3,1,3,1,3,2,2,2,1,2,2,2,2,1,1,3,1,2,2,3,2,2,3,2,1,1,2,2,2,0,1,-1,1,1,-1,0,1,1,1,0,-1,1,0,1,-1,1,0,-1,1,0,1,-1,-1,1,0,-1,1,0,0,0,1,-1,1
340,26-35 ans,"Élèves, étudiants",Femme,118,46,68,35,3,1,2,2,1,2,2,2,1,2,2,1,2,1,1,2,1,2,1,3,2,2,3,1,2,1,1,1,2,2,3,3,3,2,0,0,-1,1,-1,1,-1,1,-1,0,1,-1,1,-1,0,0,1,1,0,0,0,-1,1,0,-1,-1,1,0,1,-1,0,-1,1,-1
341,46-55 ans,Employés,Femme,81,37,120,16,1,2,2,1,3,1,1,1,2,3,3,2,2,2,2,2,3,3,3,2,2,3,2,2,2,2,2,2,3,2,1,2,1,2,0,0,0,0,0,0,0,0,0,0,0,0,0,0,0,0,0,0,0,0,0,0,0,0,0,0,0,0,0,0,0,0,0,0
342,26-35 ans,"Élèves, étudiants",Femme,109,237,82,38,2,1,1,2,1,2,2,2,1,3,1,1,2,2,1,2,1,3,1,2,2,3,3,3,2,2,3,2,1,1,1,2,1,2,1,1,-1,1,-1,1,-1,1,-1,1,0,0,-1,-1,1,-1,0,0,0,1,-1,1,-1,1,-1,1,0,0,0,0,1,0,0,0
343,46-55 ans,Cadres et professions intellectuelles supérieures,Homme,134,56,68,32,3,1,2,2,2,3,2,2,2,2,2,1,2,1,2,1,2,1,2,2,3,2,3,1,1,3,3,1,1,2,2,1,2,3,-1,1,-1,1,0,-1,0,1,-1,0,0,-1,1,0,1,-1,0,-1,1,-1,0,-1,1,0,-1,0,1,-1,1,-1,0,-1,1,-1
344,56-65 ans,Cadres et professions intellectuelles supérieures,Homme,183,48,172,29,1,2,2,2,3,2,2,2,3,3,2,1,2,2,1,0,1,1,1,3,3,3,2,1,2,3,2,1,2,2,3,1,2,3,-1,1,0,-1,1,0,0,-1,1,0,-1,1,-1,1,0,0,0,-1,1,-1,1,-1,1,0,0,0,0,0,-1,0,-1,0,1,0
345,26-35 ans,Cadres et professions intellectuelles supérieures,Homme,75,24,72,17,1,1,1,2,1,2,1,1,1,2,1,3,2,2,3,3,2,2,1,3,2,3,3,1,3,2,3,1,2,2,2,2,3,1,-1,1,1,-1,1,-1,1,0,0,-1,0,-1,1,1,0,0,0,-1,-1,1,-1,0,-1,1,-1,0,-1,1,-1,1,1,-1,1,-1
346,46-55 ans,Cadres et professions intellectuelles supérieures,Homme,116,38,90,35,3,1,1,2,2,2,1,2,2,2,1,2,3,0,2,1,2,2,2,1,2,3,3,2,2,3,3,3,2,3,3,2,2,3,-1,0,0,1,-1,-1,0,1,1,-1,1,-1,1,0,1,-1,1,1,1,0,-1,-1,1,0,-1,-1,1,-1,1,-1,1,-1,1,-1
347,46-55 ans,Cadres et professions intellectuelles supérieures,Femme,124,53,45,30,2,0,2,2,1,2,2,2,2,2,2,1,2,2,1,2,2,2,1,1,2,2,3,3,3,3,3,2,2,1,2,2,2,2,1,0,0,-1,-1,1,0,-1,-1,1,-1,1,-1,0,-1,1,-1,1,0,0,0,-1,1,-1,1,-1,1,0,0,0,0,-1,-1,1
348,18-25 ans,"Élèves, étudiants",Femme,37,32,38,24,2,1,2,3,1,3,2,3,2,3,1,2,1,3,2,1,1,3,2,1,3,2,3,2,3,3,3,2,1,1,1,2,2,2,0,0,1,-1,0,0,1,-1,1,0,0,0,0,1,-1,1,0,-1,1,0,1,-1,1,1,-1,1,-1,1,0,-1,1,0,1,-1
349,46-55 ans,Cadres et professions intellectuelles supérieures,Homme,157,45,63,45,3,1,1,3,2,3,1,3,2,2,2,1,2,2,1,2,1,1,2,3,1,2,2,2,2,3,2,3,3,2,2,3,2,1,1,0,0,-1,0,1,0,-1,-1,1,-1,1,-1,0,-1,1,-1,-1,1,-1,0,0,-1,1,0,-1,0,-1,-1,1,0,0,1,-1
350,46-55 ans,Cadres et professions intellectuelles supérieures,Femme,162,35,48,13,3,1,1,2,2,3,2,2,1,2,1,1,0,2,0,1,1,3,3,2,2,2,3,3,2,2,1,2,1,2,2,2,1,2,0,0,0,0,0,0,0,0,0,0,0,0,0,0,0,0,0,0,0,0,0,0,0,0,0,0,0,0,0,0,0,0,0,0
351,46-55 ans,Cadres et professions intellectuelles supérieures,Femme,143,49,92,31,3,1,1,3,2,3,2,2,3,2,2,1,2,2,1,1,1,2,3,1,2,1,1,2,2,1,3,2,1,3,2,2,3,2,-1,1,1,-1,1,-1,1,-1,1,-1,-1,1,-1,1,-1,0,1,1,0,0,-1,1,0,-1,0,1,1,-1,1,-1,0,0,-1,1
352,26-35 ans,Cadres et professions intellectuelles supérieures,Femme,179,65,208,26,2,1,1,3,1,3,2,3,1,3,2,2,1,2,2,1,2,2,3,2,3,2,3,3,3,1,3,1,1,1,1,2,2,3,0,0,0,0,0,0,0,0,0,0,0,0,0,0,0,0,0,-1,0,0,-1,1,-1,1,-1,1,-1,-1,0,0,0,1,0,0
353,26-35 ans,Cadres et professions intellectuelles supérieures,Femme,188,46,65,42,3,0,1,3,2,1,2,1,1,3,2,1,3,1,1,3,2,1,2,2,1,3,2,2,3,1,3,3,3,2,2,3,3,3,0,0,0,0,0,0,0,0,0,0,0,0,0,0,0,0,0,-1,0,1,-1,0,1,-1,0,1,-1,0,1,-1,1,-1,0,1
354,18-25 ans,"Élèves, étudiants",Homme,156,312,504,152,2,1,1,1,2,3,1,3,1,3,2,1,2,2,1,2,2,2,2,2,3,3,3,3,2,1,3,3,1,2,2,1,2,3,0,-1,0,0,1,-1,1,1,-1,-1,0,-1,1,-1,1,-1,0,0,1,-1,0,1,-1,1,0,0,1,-1,0,1,0,1,0,0
355,56-65 ans,Cadres et professions intellectuelles supérieures,Homme,134,135,97,81,1,2,1,2,1,3,1,3,3,3,1,2,2,3,1,2,0,3,2,2,2,3,3,3,2,3,2,3,1,2,1,2,2,3,1,-1,-1,1,-1,0,-1,1,-1,0,1,-1,1,-1,1,-1,0,-1,1,-1,0,0,0,1,-1,0,0,-1,0,0,0,0,1,-1
356,56-65 ans,Cadres et professions intellectuelles supérieures,Femme,32,57,42,30,1,2,3,3,2,3,1,3,2,3,0,1,2,1,1,2,1,2,3,3,3,2,2,3,3,2,2,1,3,1,1,2,1,1,0,1,-1,1,0,0,0,0,0,1,0,0,0,0,1,0,0,-1,-1,1,-1,1,1,0,-1,1,-1,1,1,-1,0,0,1,-1
357,46-55 ans,Cadres et professions intellectuelles supérieures,Femme,139,49,112,41,2,2,2,3,3,3,2,2,2,2,1,0,2,2,0,1,2,1,3,2,3,3,2,3,2,3,3,2,1,2,3,1,2,2,1,-1,-1,1,-1,1,-1,1,-1,1,0,0,1,-1,0,0,0,0,0,-1,1,0,0,0,0,-1,0,0,0,0,-1,1,0,-1
358,56-65 ans,Cadres et professions intellectuelles supérieures,Femme,231,39,115,24,1,1,3,2,2,3,2,3,3,2,1,1,1,2,2,1,0,1,1,2,2,2,3,2,1,1,2,2,1,1,2,1,3,1,0,0,0,0,0,0,0,0,0,0,0,0,0,0,0,0,0,0,0,0,0,0,0,0,0,0,0,0,0,0,0,0,0,0
359,46-55 ans,Professions intermédiaires,Femme,52,60,31,21,3,0,2,2,1,2,2,1,3,3,2,3,1,2,3,2,2,2,2,1,1,1,2,2,3,3,2,2,3,1,2,2,3,1,1,0,0,-1,0,1,-1,0,1,1,-1,1,-1,0,-1,0,1,-1,0,0,1,0,-1,-1,1,1,-1,1,-1,0,0,1,-1,1
360,46-55 ans,Sans activité professionnelle,Femme,1492,199,1059,173,2,1,1,3,0,3,1,3,1,3,2,3,2,2,3,2,2,3,1,2,2,2,2,2,1,2,3,2,1,3,1,2,2,3,0,1,0,-1,0,1,0,-1,1,1,-1,1,-1,1,-1,1,0,0,-1,1,-1,1,0,-1,1,-1,-1,1,1,0,1,0,-1,0
361,46-55 ans,Employés,Homme,156,43,68,36,3,1,3,1,3,2,1,3,1,2,2,1,2,2,2,1,2,2,2,1,3,2,3,2,1,3,3,2,2,1,2,1,1,3,1,-1,1,0,-1,1,0,-1,1,0,1,0,-1,0,-1,1,-1,-1,1,-1,1,-1,-1,1,-1,1,1,0,-1,0,1,0,0,1
362,36-45 ans,Cadres et professions intellectuelles supérieures,Femme,76,43,54,16,2,2,1,2,2,2,1,3,1,2,1,2,2,3,2,3,2,2,1,2,2,3,3,1,3,2,3,2,2,2,2,2,3,2,0,0,0,0,0,0,0,0,0,0,0,0,0,0,0,0,0,0,0,0,0,0,0,0,0,0,0,0,0,0,0,0,0,0
363,36-45 ans,Cadres et professions intellectuelles supérieures,Femme,48,42,50,24,1,1,2,1,1,2,3,2,2,2,1,3,1,3,2,1,2,2,3,3,2,2,2,2,2,2,2,2,2,1,1,2,3,3,-1,0,1,-1,-1,1,0,1,-1,-1,1,0,1,1,-1,1,0,-1,-1,1,0,0,1,-1,-1,1,-1,1,1,-1,0,0,0,0
364,18-25 ans,"Élèves, étudiants",Femme,93,155,75,25,2,0,2,2,1,2,2,2,2,2,2,1,2,2,1,2,2,3,2,3,3,2,3,3,2,2,2,1,1,2,1,1,1,3,0,0,1,0,0,0,-1,0,1,0,1,0,-1,1,0,-1,1,1,-1,1,-1,1,-1,1,-1,1,-1,0,1,-1,0,0,0,-1
365,18-25 ans,"Élèves, étudiants",Femme,51,37,104,71,2,1,2,2,2,2,3,2,2,3,2,2,1,3,2,1,2,2,1,3,3,2,3,3,2,1,3,2,1,2,2,1,1,3,-1,0,1,-1,1,-1,1,-1,1,-1,0,0,0,1,0,0,0,1,1,-1,0,0,-1,1,1,-1,1,-1,-1,1,0,0,0,1
366,18-25 ans,"Élèves, étudiants",Femme,32,34,55,25,2,1,2,1,3,2,1,3,1,3,1,1,2,3,2,1,2,2,1,3,2,1,2,2,2,2,2,2,1,3,3,1,3,3,1,0,-1,0,1,-1,0,1,0,1,-1,0,1,-1,1,-1,1,1,0,0,0,0,0,-1,1,0,1,0,0,0,0,0,-1,1
367,46-55 ans,Cadres et professions intellectuelles supérieures,Femme,82,46,72,22,1,2,3,3,1,2,1,3,1,3,0,1,2,1,2,1,2,2,3,1,2,2,3,3,1,3,3,2,1,2,2,2,2,3,1,0,-1,1,-1,1,-1,1,-1,1,0,0,0,-1,0,0,0,0,1,0,0,-1,1,-1,0,1,1,0,0,-1,1,-1,0,1
368,18-25 ans,"Élèves, étudiants",Femme,69,174,32,152,3,0,1,3,1,2,1,3,1,3,2,1,2,1,2,1,2,3,1,1,2,3,3,1,2,3,3,1,2,1,2,1,2,2,1,0,-1,1,-1,1,-1,1,-1,1,1,-1,0,-1,0,0,0,1,0,-1,1,-1,1,-1,1,-1,1,0,0,0,-1,-1,0,1
369,26-35 ans,Cadres et professions intellectuelles supérieures,Femme,164,199,222,37,1,2,1,2,2,1,2,1,1,3,1,1,3,3,2,3,2,1,1,2,2,1,3,1,3,1,2,2,3,2,3,2,3,3,1,-1,-1,1,1,1,-1,-1,1,-1,1,1,-1,-1,1,-1,1,1,0,0,-1,0,0,1,0,0,1,-1,0,1,0,-1,1,0
370,18-25 ans,"Élèves, étudiants",Femme,73,28,45,21,1,2,1,2,1,2,0,1,2,3,1,3,1,1,3,2,3,2,3,2,3,3,2,1,2,3,1,2,2,3,2,1,3,2,0,0,0,-1,1,1,0,-1,-1,0,-1,1,-1,0,0,1,-1,-1,0,0,1,-1,0,0,0,1,-1,1,-1,0,0,-1,0,1
371,18-25 ans,"Élèves, étudiants",Femme,100,58,95,41,2,1,2,3,1,2,1,2,1,1,1,3,3,1,2,1,1,1,3,1,3,1,2,1,2,2,2,3,2,2,2,3,1,2,-1,0,1,-1,0,1,0,-1,1,-1,0,1,-1,1,-1,1,0,1,0,1,-1,1,1,-1,-1,1,1,-1,1,-1,1,-1,0,0
372,18-25 ans,"Élèves, étudiants",Homme,98,44,71,35,2,2,2,3,2,2,1,3,2,2,1,2,2,2,1,1,1,3,1,2,2,2,2,3,2,3,2,2,1,3,3,3,2,2,-1,1,0,-1,1,0,0,-1,1,0,-1,1,-1,1,0,0,0,0,1,0,-1,0,0,0,1,-1,1,-1,0,1,1,-1,0,0
373,46-55 ans,Cadres et professions intellectuelles supérieures,Femme,227,72,117,63,3,0,1,3,2,3,1,3,2,3,2,1,2,1,1,2,1,2,3,2,2,1,2,3,2,1,1,2,1,2,3,2,2,1,1,0,-1,0,-1,1,-1,0,-1,1,-1,1,-1,-1,-1,1,-1,0,-1,0,0,1,-1,-1,1,0,-1,0,0,0,-1,1,-1,1
374,56-65 ans,"Artisans, commerçants, chefs d'entreprise",Homme,104,39,99,30,2,2,2,3,2,2,2,2,3,2,1,2,2,2,1,2,1,1,2,3,3,2,2,1,2,3,2,1,2,2,3,2,2,3,0,0,0,0,0,0,0,0,0,0,0,0,0,0,0,0,0,0,0,-1,1,0,-1,0,0,1,0,0,-1,0,-1,1,-1,1
375,18-25 ans,"Élèves, étudiants",Homme,71,36,48,29,0,2,1,2,1,1,3,1,2,2,3,2,2,3,1,2,1,2,1,1,2,2,2,2,3,2,3,3,2,1,2,1,1,1,0,-1,0,1,0,0,-1,0,0,-1,1,0,-1,-1,1,-1,0,0,0,0,0,0,-1,0,1,-1,0,0,-1,1,0,0,-1,0
376,46-55 ans,Employés,Femme,137,273,155,43,2,1,1,3,2,3,1,2,3,3,2,1,1,2,1,2,1,2,3,3,3,2,3,1,3,2,2,2,3,3,2,2,3,2,-1,0,1,-1,1,-1,1,-1,1,-1,0,0,0,1,0,1,-1,-1,1,-1,0,1,-1,1,-1,1,0,-1,-1,1,0,1,0,0
377,46-55 ans,Professions intermédiaires,Femme,84,54,59,28,3,0,2,3,2,2,2,3,2,3,1,2,1,2,1,2,1,1,1,2,1,2,2,3,3,3,2,3,2,2,2,2,2,1,-1,0,0,0,1,-1,0,0,1,-1,0,0,0,0,1,-1,1,0,0,0,0,0,1,-1,0,1,0,0,1,-1,0,0,0,1
378,56-65 ans,Cadres et professions intellectuelles supérieures,Homme,221,82,93,17,2,1,2,3,1,3,2,3,2,3,1,2,1,1,2,1,1,2,1,1,3,2,2,1,2,3,3,2,2,2,1,2,2,1,0,0,0,0,0,0,0,0,0,0,0,0,0,0,0,0,0,0,1,-1,1,0,-1,-1,1,-1,1,0,-1,1,-1,1,-1,0
379,46-55 ans,Professions intermédiaires,Femme,125,81,17,16,3,1,1,3,2,2,1,2,2,2,2,0,1,2,1,1,2,2,1,3,2,3,2,3,3,2,3,1,2,2,3,1,1,2,-1,0,1,0,0,0,-1,0,1,-1,1,0,-1,1,0,-1,1,1,0,-1,1,-1,1,-1,1,1,1,0,1,-1,-1,0,0,1
380,26-35 ans,Employés,Femme,1812,158,46,40,1,2,1,2,1,1,2,1,2,3,1,2,3,1,1,3,1,2,2,2,3,2,3,2,3,2,3,2,1,1,1,2,1,1,0,1,-1,1,0,0,-1,0,1,1,0,0,-1,0,1,-1,1,-1,0,0,1,0,-1,1,-1,0,-1,1,-1,0,0,1,0,-1
381,36-45 ans,Cadres et professions intellectuelles supérieures,Femme,69,23,117,33,2,1,2,3,1,3,2,3,2,3,1,2,1,3,2,1,1,2,3,2,2,3,2,2,3,3,2,1,3,2,1,2,3,2,0,0,0,0,0,0,0,0,0,0,0,0,0,0,0,0,0,0,-1,1,-1,0,1,1,-1,1,-1,0,1,-1,1,-1,1,-1
382,56-65 ans,Professions intermédiaires,Femme,77,70,121,41,2,1,2,3,2,3,1,3,2,3,1,1,2,1,1,2,1,2,2,3,2,2,2,3,1,2,3,1,1,3,2,3,2,3,-1,0,1,-1,1,-1,1,-1,1,-1,0,0,0,1,1,-1,1,0,1,0,0,0,0,-1,0,1,1,0,0,-1,1,0,-1,1
383,46-55 ans,Employés,Femme,126,32,54,30,2,1,1,2,3,2,2,3,3,3,1,1,1,2,1,2,0,3,1,2,3,2,2,2,3,2,2,2,1,2,1,2,2,2,0,0,0,0,0,0,0,0,0,0,0,0,0,0,0,0,0,0,0,0,0,0,0,0,0,0,0,0,0,0,0,0,0,0
384,46-55 ans,Employés,Femme,169,56,157,27,0,3,1,3,2,3,2,3,2,3,2,1,1,2,1,1,1,3,1,2,2,3,3,2,2,2,3,1,1,1,3,2,2,2,0,-1,0,1,-1,1,-1,1,-1,-1,1,0,0,-1,0,0,0,1,-1,-1,0,1,-1,0,1,0,0,-1,0,1,-1,1,-1,1
385,36-45 ans,Cadres et professions intellectuelles supérieures,Femme,82,21,57,26,1,2,2,3,2,3,1,3,1,3,1,1,2,2,1,2,2,1,3,1,2,2,1,2,3,1,3,1,3,1,2,3,3,2,0,0,0,0,0,0,0,0,0,0,0,0,0,0,0,0,0,0,-1,1,-1,0,1,0,0,0,-1,0,1,0,0,-1,1,0
386,46-55 ans,Cadres et professions intellectuelles supérieures,Homme,129,38,58,30,3,1,2,3,1,2,3,2,2,2,1,1,1,3,2,1,2,2,1,2,2,3,3,2,3,2,2,3,1,3,2,1,2,1,1,-1,-1,1,0,0,-1,0,1,1,1,0,-1,-1,1,-1,1,-1,0,0,1,-1,1,-1,-1,1,-1,1,0,-1,0,-1,1,1
387,56-65 ans,Cadres et professions intellectuelles supérieures,Homme,92,68,103,79,1,2,0,3,0,2,3,1,1,1,3,2,2,2,3,1,2,2,3,3,1,3,2,1,3,1,2,3,3,3,1,2,1,3,-1,0,0,-1,0,0,1,-1,-1,-1,-1,0,1,0,-1,1,-1,1,-1,1,1,-1,0,1,0,0,-1,1,-1,1,-1,-1,1,0
388,56-65 ans,Employés,Homme,187,63,132,23,2,1,1,3,1,1,2,1,1,3,2,2,3,0,2,3,2,2,2,2,3,2,3,3,2,2,2,3,1,1,2,1,1,3,0,0,0,0,0,0,0,0,0,0,0,0,0,0,0,0,0,0,0,0,0,0,-1,1,-1,1,0,0,-1,0,0,0,0,0
389,26-35 ans,Cadres et professions intellectuelles supérieures,Femme,70,53,67,20,3,1,0,2,3,2,2,1,1,2,2,1,3,1,1,2,0,2,2,3,3,2,3,2,2,1,2,1,2,1,2,3,3,1,1,-1,0,1,-1,0,0,1,-1,1,1,-1,1,-1,0,0,0,0,0,1,-1,1,0,1,0,-1,0,-1,1,1,1,-1,1,-1
390,46-55 ans,Professions intermédiaires,Femme,193,15,64,42,2,2,3,1,0,3,0,2,2,2,2,3,2,1,1,3,2,2,1,3,2,3,2,2,3,1,3,2,2,2,3,1,2,2,0,0,0,0,0,0,0,0,0,0,0,0,0,0,0,0,0,0,1,0,-1,1,0,0,0,0,1,-1,1,0,1,0,0,0
391,46-55 ans,Employés,Femme,57,29,148,41,2,1,1,3,2,3,2,3,2,3,2,1,1,2,1,1,1,3,2,3,2,3,3,3,3,1,3,2,2,1,1,2,1,2,1,0,-1,1,-1,1,-1,1,-1,1,0,0,0,-1,0,0,0,1,0,0,0,-1,1,-1,1,0,1,0,0,0,0,-1,0,1
392,18-25 ans,"Élèves, étudiants",Femme,133,33,67,44,2,1,2,1,3,1,1,3,1,3,1,2,2,3,2,2,2,2,2,2,3,2,1,3,3,1,3,1,1,2,2,2,2,2,-1,0,1,-1,1,-1,0,1,0,-1,0,0,1,1,0,-1,1,0,-1,1,0,0,0,-1,1,0,-1,1,0,0,0,0,-1,1
393,46-55 ans,Employés,Femme,116,141,45,14,2,1,0,2,1,2,1,2,1,3,2,3,1,1,3,1,3,2,1,2,1,2,1,2,2,3,1,2,2,3,3,3,2,1,0,0,0,0,0,0,0,0,0,0,0,0,0,0,0,0,0,0,0,0,0,0,0,0,0,0,0,0,0,0,0,0,0,0
394,56-65 ans,Cadres et professions intellectuelles supérieures,Homme,73,109,36,29,2,1,1,3,2,2,2,3,2,3,2,2,1,2,1,2,1,3,3,3,2,2,3,2,2,2,2,2,1,2,1,3,2,2,0,0,0,0,0,0,0,0,0,0,0,0,0,0,0,0,0,-1,1,0,-1,0,1,0,0,0,0,-1,1,0,1,-1,1,0
395,36-45 ans,Cadres et professions intellectuelles supérieures,Femme,178,33,171,36,2,1,1,3,1,2,3,2,2,3,2,1,1,2,2,1,2,2,1,2,2,1,1,3,2,1,3,1,2,3,3,1,2,1,1,0,-1,-1,-1,1,-1,1,-1,1,-1,1,1,-1,-1,1,0,1,1,0,-1,0,1,-1,1,-1,1,-1,1,-1,1,-1,-1,1
396,46-55 ans,Cadres et professions intellectuelles supérieures,Homme,74,26,216,27,1,1,2,2,1,2,2,1,1,2,2,3,3,1,1,2,2,1,2,1,3,2,2,2,2,3,2,2,1,2,1,2,1,3,0,1,-1,0,0,0,1,-1,0,1,-1,0,0,0,0,1,-1,0,0,0,0,0,0,0,0,0,0,0,0,0,0,0,0,0
397,26-35 ans,Cadres et professions intellectuelles supérieures,Femme,91,59,91,29,1,3,1,2,3,2,2,3,2,2,1,1,1,2,1,0,1,2,1,2,3,3,3,1,2,2,3,2,1,1,3,2,2,3,0,-1,0,1,1,-1,1,-1,1,-1,1,0,0,-1,1,0,0,0,1,-1,0,1,-1,1,0,1,1,-1,0,1,-1,1,-1,1
398,36-45 ans,Employés,Femme,63,77,124,21,2,1,2,3,1,3,1,3,1,3,1,2,2,1,2,2,2,2,2,3,3,2,1,2,2,2,2,1,2,3,1,2,1,3,1,0,-1,1,0,-1,0,1,-1,1,0,-1,1,-1,1,-1,0,0,0,0,0,0,0,0,0,0,0,0,0,0,0,0,0,0
399,46-55 ans,Cadres et professions intellectuelles supérieures,Femme,137,44,100,59,2,1,1,3,2,3,2,3,2,3,2,1,1,2,1,1,1,1,2,1,3,2,3,3,3,3,3,3,2,1,1,2,2,2,1,0,0,-1,1,-1,0,1,-1,1,-1,0,1,0,0,-1,0,0,-1,1,0,-1,1,0,-1,1,-1,1,0,-1,0,-1,1,0
400,46-55 ans,Employés,Femme,104,32,41,22,2,1,2,1,3,1,2,1,2,1,1,2,1,3,2,1,1,2,2,2,3,3,1,3,3,1,2,2,3,1,2,1,2,2,-1,1,-1,1,-1,0,0,0,0,0,0,-1,0,0,0,0,0,1,0,-1,1,-1,-1,0,0,0,1,-1,-1,0,-1,0,-1,0
401,26-35 ans,"Élèves, étudiants",Femme,91,24,40,35,1,1,1,2,3,3,3,2,1,2,1,0,1,2,1,0,1,2,1,2,3,2,3,2,3,1,2,2,1,1,3,2,2,2,0,0,0,0,0,0,0,0,0,0,0,0,0,0,0,0,0,0,0,-1,1,-1,1,-1,1,0,0,0,0,0,-1,0,0,1
402,36-45 ans,Cadres et professions intellectuelles supérieures,Femme,102,61,87,45,1,2,2,3,1,3,1,3,2,3,1,2,2,2,2,2,1,2,2,3,3,1,2,1,3,2,3,1,1,2,1,2,1,3,-1,0,1,-1,0,1,0,-1,1,-1,0,1,-1,1,-1,1,-1,-1,-1,1,-1,0,0,1,-1,0,-1,1,0,0,1,-1,1,-1
403,26-35 ans,Cadres et professions intellectuelles supérieures,Femme,74,29,76,29,2,2,3,3,1,2,3,1,2,2,0,1,2,1,2,1,1,2,3,1,2,2,1,3,3,1,2,2,3,2,2,2,3,2,0,1,-1,1,-1,0,0,1,-1,1,0,-1,1,0,0,0,0,0,0,0,0,0,0,0,0,0,0,0,0,0,0,0,0,0
404,36-45 ans,Professions intermédiaires,Femme,90,30,402,17,1,2,1,3,2,3,1,3,2,3,2,1,2,3,1,2,1,2,2,3,3,1,3,3,3,2,2,1,2,1,2,3,1,2,0,1,0,-1,1,-1,0,1,0,1,-1,0,1,1,0,-1,1,0,0,0,0,0,0,0,0,0,0,0,0,0,0,0,0,0
405,36-45 ans,Employés,Femme,63,18,361,13,1,2,3,1,1,3,1,2,1,1,2,2,1,1,2,2,3,3,1,3,1,3,2,2,3,2,2,2,1,3,2,2,3,2,0,0,0,0,0,0,0,1,-1,0,0,0,1,0,0,0,0,-1,0,1,0,1,0,-1,0,-1,-1,1,1,-1,1,1,-1,-1
406,56-65 ans,Employés,Femme,303,24,111,63,2,0,2,3,2,2,2,3,1,2,1,2,1,2,1,2,2,3,2,3,3,2,1,3,1,2,3,1,2,3,2,3,2,2,0,0,-1,1,-1,0,1,-1,0,0,0,-1,0,-1,0,1,-1,-1,0,0,0,1,-1,1,-1,0,-1,0,0,0,0,1,0,-1
407,46-55 ans,Employés,Femme,33,42,60,127,1,3,2,1,2,1,3,1,1,2,3,1,2,1,1,2,2,1,3,1,1,2,1,3,1,2,2,2,1,3,3,3,3,1,1,-1,1,0,0,0,-1,0,0,0,1,0,-1,0,0,-1,0,1,-1,-1,1,1,0,-1,1,-1,1,-1,1,0,-1,1,-1,0
408,46-55 ans,Cadres et professions intellectuelles supérieures,Femme,126,53,71,21,1,2,1,2,1,3,1,2,1,3,1,2,1,1,1,2,1,3,2,3,2,2,3,2,2,2,3,2,1,2,2,3,2,2,0,-1,0,1,0,-1,0,1,-1,-1,1,-1,1,-1,1,-1,0,0,0,-1,1,0,0,0,0,0,0,0,0,0,-1,1,0,0
409,36-45 ans,Cadres et professions intellectuelles supérieures,Femme,66,108,34,21,2,1,1,3,1,3,2,3,1,3,2,2,1,2,2,1,2,1,1,2,3,2,2,2,2,2,2,3,2,1,1,1,1,2,1,0,-1,0,-1,1,-1,1,-1,1,-1,1,-1,-1,-1,1,-1,-1,0,1,-1,1,-1,1,1,1,-1,0,0,1,1,0,-1,1
410,46-55 ans,Employés,Femme,187,55,86,25,1,2,2,3,2,2,1,3,1,1,1,2,2,2,1,1,2,1,3,1,1,2,2,1,3,3,3,2,2,2,2,2,1,1,0,0,0,0,0,0,0,0,0,0,0,0,0,0,0,0,0,0,0,0,0,0,0,0,0,0,0,0,0,0,0,0,0,0
411,56-65 ans,Employés,Femme,66,23,56,14,3,0,2,3,1,3,2,3,1,3,1,2,1,2,2,1,2,2,2,2,2,3,3,3,2,3,2,2,1,2,3,2,1,2,0,0,0,0,0,0,0,0,0,0,0,0,0,0,0,0,0,0,0,0,0,0,0,0,0,0,0,0,0,0,0,0,0,0
412,26-35 ans,Employés,Femme,73,20,73,10,2,2,0,3,0,2,2,2,3,2,3,2,2,2,3,2,1,2,2,3,2,1,2,2,3,2,2,1,1,3,2,1,2,2,0,0,0,0,0,0,0,0,0,0,0,0,0,0,0,0,0,0,0,0,0,0,0,0,0,0,0,0,0,0,0,0,0,0
413,46-55 ans,Cadres et professions intellectuelles supérieures,Femme,198,61,237,29,1,2,1,3,2,3,1,3,2,3,2,1,2,1,1,2,1,2,1,3,2,3,2,2,3,1,3,1,2,2,2,2,2,2,1,0,0,-1,1,-1,0,1,-1,1,-1,0,1,0,0,-1,0,1,0,-1,0,1,-1,0,1,-1,1,-1,0,1,-1,1,-1,0
414,26-35 ans,Cadres et professions intellectuelles supérieures,Femme,66,19,45,13,1,3,3,3,2,3,1,3,2,2,0,1,2,0,1,2,1,3,1,2,1,3,3,2,2,2,3,1,2,1,2,2,1,1,-1,1,-1,1,0,0,0,0,0,0,0,0,0,0,1,0,0,0,0,0,0,0,0,0,0,0,0,0,0,0,0,0,0,0
415,26-35 ans,Cadres et professions intellectuelles supérieures,Femme,100,35,133,27,1,2,0,3,2,2,1,2,1,3,3,2,3,2,1,3,1,3,1,3,1,3,3,3,2,3,2,2,1,2,2,2,2,1,0,0,0,0,0,-1,1,0,0,0,0,-1,1,0,0,0,0,1,1,-1,0,-1,1,0,1,-1,1,-1,0,1,0,-1,1,-1
416,26-35 ans,Employés,Femme,49,41,54,42,0,2,2,3,2,2,3,1,0,2,1,2,2,2,1,1,1,1,2,2,2,3,2,3,2,1,3,3,3,2,2,2,2,1,0,0,-1,1,-1,0,0,1,0,0,-1,-1,1,-1,0,0,1,1,-1,0,0,0,1,-1,-1,0,0,0,1,-1,-1,0,0,-1
417,56-65 ans,Cadres et professions intellectuelles supérieures,Femme,280,43,180,47,2,2,1,3,1,2,2,1,1,2,2,3,1,3,2,2,2,3,1,1,2,1,3,2,2,1,2,2,2,1,2,1,2,1,-1,0,1,-1,1,0,-1,0,0,-1,0,1,-1,1,0,-1,0,1,0,-1,0,0,1,-1,0,0,1,-1,1,-1,-1,0,0,0
418,26-35 ans,Employés,Femme,117,32,56,16,1,2,2,3,3,3,2,2,1,3,1,0,2,2,0,1,3,2,1,3,2,2,3,2,3,1,3,1,2,1,2,1,2,3,1,0,-1,1,-1,1,0,-1,0,1,0,0,-1,-1,0,1,-1,0,0,0,0,0,0,0,0,0,0,0,0,0,0,0,0,0
419,46-55 ans,Cadres et professions intellectuelles supérieures,Femme,103,82,239,29,3,1,1,2,2,2,3,2,2,2,1,2,1,2,2,1,2,3,2,3,2,3,3,2,3,2,2,1,2,2,3,2,1,2,0,0,0,0,0,1,-1,1,-1,0,0,1,0,0,0,0,0,0,0,-1,1,0,0,0,0,0,0,0,0,0,-1,1,0,0
420,18-25 ans,"Élèves, étudiants",Homme,122,39,58,19,2,2,1,2,2,2,1,2,3,2,1,2,1,3,2,3,1,3,2,2,2,1,3,2,2,3,2,3,3,2,2,1,3,2,-1,0,1,-1,0,1,0,-1,1,-1,0,1,-1,1,-1,1,0,1,0,0,-1,1,0,-1,0,1,1,-1,1,-1,0,0,-1,1
421,46-55 ans,Cadres et professions intellectuelles supérieures,Homme,121,50,64,39,3,1,1,2,1,2,2,3,2,2,3,1,1,2,3,2,1,2,1,1,2,1,3,2,2,2,3,1,3,1,2,1,1,2,0,-1,1,1,-1,0,-1,1,-1,-1,1,-1,1,0,1,-1,1,1,-1,-1,1,-1,1,-1,0,1,1,0,0,-1,-1,0,0,1
422,46-55 ans,Employés,Femme,87,114,100,45,1,2,3,1,0,2,3,2,2,1,2,2,1,1,1,1,2,2,1,3,2,2,2,3,2,3,3,2,1,3,2,2,2,2,0,1,-1,0,0,0,1,-1,0,1,-1,0,0,0,0,1,-1,-1,0,-1,1,-1,0,1,0,-1,-1,1,-1,1,-1,0,1,-1
423,56-65 ans,Employés,Femme,77,25,61,25,2,1,2,2,2,2,1,2,0,3,2,2,3,1,2,3,2,2,1,3,2,3,3,2,2,3,3,3,1,1,3,2,1,2,-1,0,1,-1,0,1,-1,0,0,-1,0,1,-1,1,-1,0,0,0,0,0,0,-1,1,0,1,-1,0,0,0,1,0,-1,1,0
424,26-35 ans,Employés,Femme,74,36,42,28,1,1,2,1,1,3,1,3,0,2,3,2,2,3,2,2,3,1,3,2,3,3,3,2,3,2,3,1,1,2,2,1,1,2,1,0,-1,0,1,1,-1,0,0,1,-1,1,-1,-1,1,0,0,-1,1,0,-1,1,-1,1,-1,1,1,-1,-1,1,1,0,0,0
425,26-35 ans,"Élèves, étudiants",Femme,59,23,47,24,3,1,1,2,3,2,2,3,2,2,1,1,1,2,1,2,1,2,2,3,3,2,3,2,3,2,3,1,3,1,2,2,1,2,-1,0,0,0,0,0,1,-1,1,-1,0,0,0,0,0,1,-1,0,0,0,0,0,1,0,-1,0,0,0,1,-1,0,0,1,-1
426,36-45 ans,Cadres et professions intellectuelles supérieures,Femme,351,201,172,75,2,1,2,3,1,1,3,1,1,3,1,2,2,3,2,2,2,2,2,3,3,3,2,3,3,2,3,1,2,1,2,1,2,1,-1,0,1,-1,1,0,0,0,1,-1,0,1,0,1,-1,0,1,1,-1,0,0,0,0,1,0,-1,-1,0,0,1,-1,0,1,-1
427,26-35 ans,"Élèves, étudiants",Femme,49,47,42,26,1,2,1,1,2,2,3,2,2,1,2,0,1,1,3,1,2,3,2,1,2,3,1,1,2,2,2,1,3,2,3,3,1,2,0,-1,0,0,1,-1,1,0,-1,-1,0,0,1,-1,1,0,-1,-1,0,1,-1,1,0,0,-1,1,-1,0,1,-1,1,0,0,0
428,26-35 ans,Cadres et professions intellectuelles supérieures,Femme,41,21,39,20,2,1,3,3,2,1,3,2,1,1,0,1,1,2,1,2,1,2,1,2,2,3,3,3,3,1,2,2,1,1,3,2,1,2,0,0,-1,1,-1,1,1,-1,0,0,0,-1,-1,-1,0,1,-1,1,-1,0,-1,0,1,-1,1,-1,1,-1,1,1,-1,-1,0,0
429,56-65 ans,Cadres et professions intellectuelles supérieures,Femme,78,40,153,50,3,0,1,3,1,2,1,2,1,3,2,1,3,1,2,3,1,1,1,2,2,1,3,2,3,1,2,2,3,1,3,2,1,3,-1,0,1,-1,0,0,1,1,-1,-1,0,0,1,1,-1,1,0,0,0,0,0,-1,1,-1,1,0,0,0,0,1,0,-1,0,1
430,46-55 ans,Employés,Femme,143,1044,103,23,2,1,2,3,2,3,1,3,2,3,1,1,2,1,1,2,1,3,2,2,3,1,3,1,2,2,3,1,2,1,3,2,2,2,-1,0,0,1,0,-1,0,1,0,-1,1,-1,1,0,1,-1,1,1,-1,0,1,0,-1,0,1,0,0,1,-1,1,-1,1,-1,1
431,36-45 ans,Employés,Femme,70,36,57,32,1,1,1,1,2,2,3,2,2,2,2,2,1,2,3,1,2,2,3,3,3,3,2,3,3,2,2,1,2,1,1,1,2,1,1,1,0,0,-1,1,1,0,-1,1,0,-1,1,1,-1,1,-1,0,0,0,0,0,-1,1,-1,1,0,0,-1,0,0,0,0,0
432,46-55 ans,Professions intermédiaires,Femme,451,49,183,32,2,1,2,3,1,3,1,3,3,3,1,2,2,1,2,2,0,2,2,1,3,1,3,2,2,2,3,2,3,2,1,3,2,2,0,0,0,0,0,0,0,0,0,0,0,0,0,0,0,0,0,0,0,0,0,0,0,0,0,-1,0,0,0,0,0,0,0,-1
433,56-65 ans,Cadres et professions intellectuelles supérieures,Homme,102,32,55,20,3,1,3,1,1,2,2,1,2,2,2,1,1,2,0,2,1,3,1,3,2,3,2,3,2,2,2,2,1,1,3,1,2,2,0,0,0,0,0,0,0,0,0,0,0,0,0,0,0,0,0,0,0,0,0,0,0,0,0,0,0,0,0,0,0,0,0,0
434,36-45 ans,Cadres et professions intellectuelles supérieures,Homme,135,25,96,14,1,2,1,3,2,3,1,3,2,3,2,1,2,1,1,2,1,2,2,2,1,1,2,1,3,1,1,3,2,2,3,2,1,3,0,-1,1,-1,-1,1,0,-1,-1,-1,1,1,-1,0,-1,1,-1,0,0,0,0,0,0,0,0,0,0,0,0,0,0,0,0,0
435,46-55 ans,Cadres et professions intellectuelles supérieures,Homme,42,45,40,33,2,1,2,3,2,1,3,1,2,3,1,1,2,1,1,2,1,1,1,3,2,2,2,3,1,2,2,2,1,3,2,2,3,3,0,1,1,-1,0,-1,1,0,-1,1,-1,-1,1,1,-1,1,-1,-1,1,-1,-1,1,-1,0,1,-1,1,-1,-1,1,1,1,-1,1
436,46-55 ans,Cadres et professions intellectuelles supérieures,Homme,79,43,52,25,3,1,2,3,2,3,2,3,2,2,1,1,1,1,1,1,1,1,3,2,2,2,2,1,2,1,3,3,2,2,3,2,1,3,1,0,-1,1,-1,1,-1,1,-1,1,0,0,0,-1,0,0,0,1,-1,0,1,-1,1,-1,1,0,0,1,0,-1,-1,-1,0,1
437,26-35 ans,"Élèves, étudiants",Femme,133,33,70,22,2,1,2,3,1,3,1,3,1,3,1,2,2,3,2,2,2,2,3,2,3,1,2,1,2,1,1,3,2,3,2,3,1,3,-1,0,1,-1,0,1,1,-1,1,-1,0,1,-1,1,-1,1,-1,0,0,0,-1,1,-1,0,-1,0,0,-1,1,-1,0,1,-1,-1
438,46-55 ans,Professions intermédiaires,Femme,131,54,62,31,2,1,2,2,3,2,2,3,2,3,0,1,1,1,1,2,1,3,2,3,1,3,3,2,1,2,1,2,1,1,1,2,2,2,0,1,-1,1,-1,0,0,0,0,1,0,-1,0,0,0,0,0,1,0,0,1,-1,1,1,-1,1,1,1,-1,-1,0,-1,1,0
439,plus de 75 ans,Retraités,Homme,42,46,40,21,2,1,2,2,3,3,3,2,1,1,2,0,1,1,1,0,1,1,2,1,2,1,2,1,3,2,3,1,1,2,2,2,3,2,0,0,0,0,0,0,0,0,0,0,0,0,0,0,0,0,0,0,0,0,0,0,0,0,0,0,0,0,0,0,0,0,0,0
440,26-35 ans,Cadres et professions intellectuelles supérieures,Femme,163,258,72,21,2,1,2,2,1,3,1,3,1,3,2,2,2,3,1,2,2,3,1,2,3,3,3,2,3,3,3,2,1,1,2,2,2,1,1,0,-1,1,0,-1,0,1,-1,1,0,-1,1,-1,1,-1,0,1,-1,0,1,0,-1,0,0,0,0,1,-1,0,-1,1,-1,0
441,36-45 ans,Professions intermédiaires,Femme,98,49,41,36,2,2,2,3,2,2,2,2,1,2,1,2,2,2,1,2,1,2,3,1,2,2,2,2,2,2,2,2,1,3,3,2,3,2,-1,0,1,-1,1,0,-1,1,-1,-1,-1,1,0,1,-1,-1,1,-1,1,0,0,0,1,-1,0,1,0,0,1,-1,1,0,-1,1
442,56-65 ans,Cadres et professions intellectuelles supérieures,Femme,187,290,266,86,1,2,1,3,2,3,1,3,2,3,2,1,2,3,1,2,1,1,3,2,3,1,2,1,3,3,3,1,2,3,2,2,3,1,1,-1,-1,1,-1,0,-1,1,-1,-1,1,-1,0,-1,1,-1,-1,1,-1,-1,1,-1,1,-1,1,-1,1,0,1,-1,-1,0,0,-1
443,66-75 ans,Employés,Femme,163,258,75,63,1,1,2,3,2,2,1,2,3,2,1,2,1,3,1,1,1,3,1,2,2,2,2,3,1,2,3,3,1,3,3,1,2,1,0,0,-1,1,-1,0,-1,1,1,0,0,-1,0,-1,1,-1,1,-1,0,0,1,-1,0,0,1,-1,-1,1,-1,1,0,0,0,0
444,46-55 ans,Employés,Femme,71,22,39,20,3,0,2,1,2,1,1,3,1,3,1,3,2,2,3,2,2,1,1,3,2,2,1,2,3,1,2,2,2,1,2,2,1,2,0,0,0,0,0,0,0,0,0,0,0,0,0,0,0,0,0,0,0,-1,1,-1,1,-1,1,-1,0,0,0,0,-1,1,-1,1
445,56-65 ans,Cadres et professions intellectuelles supérieures,Femme,121,134,45,12,1,2,2,3,1,3,2,3,1,3,1,2,1,2,2,1,2,3,2,1,3,2,2,3,2,3,2,3,2,2,3,3,1,3,0,0,0,0,0,0,0,0,0,0,0,0,0,0,0,0,0,0,0,0,0,0,0,0,0,0,0,0,0,0,0,0,0,0
446,36-45 ans,Cadres et professions intellectuelles supérieures,Homme,137,65,185,38,0,3,2,3,2,3,2,3,1,3,1,1,1,1,1,1,2,3,1,3,3,3,3,2,3,2,3,1,1,2,2,1,2,2,0,-1,0,1,-1,1,1,-1,0,-1,1,-1,-1,-1,0,1,-1,1,0,0,0,0,1,-1,1,0,1,0,1,-1,0,0,-1,1
447,46-55 ans,Cadres et professions intellectuelles supérieures,Homme,90,55,65,29,1,1,3,2,2,1,2,2,1,2,1,1,2,2,2,1,1,3,1,2,2,2,3,1,2,2,2,3,2,3,1,1,3,1,-1,0,0,-1,1,0,-1,1,0,-1,-1,1,0,0,0,-1,1,-1,0,1,0,0,-1,1,-1,1,-1,1,-1,0,1,0,0,0
448,18-25 ans,"Élèves, étudiants",Femme,109,19,79,24,3,0,2,3,2,2,2,3,2,3,1,2,1,2,1,2,1,3,2,2,2,3,2,3,1,3,2,2,1,2,3,1,2,2,0,0,0,0,0,0,0,0,0,0,0,0,0,0,0,0,0,0,0,1,0,-1,1,-1,0,0,0,1,0,-1,1,-1,0,0
449,56-65 ans,Cadres et professions intellectuelles supérieures,Femme,166,157,107,75,2,1,1,3,2,3,2,3,2,3,2,1,1,2,1,1,1,2,2,3,3,2,3,3,2,1,3,2,2,2,2,2,2,1,0,0,-1,1,0,0,0,0,-1,0,0,0,0,-1,1,0,-1,-1,1,-1,1,-1,0,-1,1,-1,1,0,-1,1,0,1,-1,1
450,66-75 ans,Retraités,Femme,251,69,152,62,2,1,2,2,2,1,1,1,2,1,2,1,2,1,2,2,3,2,3,2,2,2,3,2,3,1,3,1,1,2,2,2,1,3,0,0,0,0,0,0,0,0,0,0,0,0,0,0,0,0,0,-1,1,0,-1,1,-1,1,0,0,0,-1,0,1,1,0,0,0
451,56-65 ans,Cadres et professions intellectuelles supérieures,Homme,194,45,62,38,3,0,1,3,2,3,1,3,2,3,2,1,2,1,1,2,1,2,2,2,2,2,3,2,3,2,2,3,2,2,2,3,3,2,0,0,0,0,0,0,0,0,0,0,0,0,0,0,0,0,0,0,0,0,0,0,0,0,0,0,0,0,0,0,0,0,0,0
452,46-55 ans,Employés,Femme,189,37,81,41,2,2,1,1,3,2,3,1,2,2,0,1,2,3,2,1,1,1,3,3,3,3,3,2,1,2,3,1,1,2,1,1,3,3,-1,1,-1,1,-1,1,-1,0,0,1,0,0,-1,1,-1,0,0,1,0,-1,1,0,0,-1,1,0,1,0,0,0,-1,1,-1,1
453,26-35 ans,"Élèves, étudiants",Homme,54,33,31,23,2,2,1,2,3,2,3,2,2,2,1,1,1,3,1,1,2,1,2,2,2,1,3,2,3,3,2,2,2,1,3,3,2,1,0,-1,0,0,1,0,-1,0,1,-1,0,1,-1,-1,1,-1,1,1,0,-1,0,1,-1,0,1,-1,1,-1,0,1,-1,1,-1,0
454,plus de 75 ans,Retraités,Homme,51,39,49,19,2,2,3,2,2,3,1,3,1,2,1,1,2,1,2,2,2,2,2,3,2,2,3,1,2,1,3,2,1,1,1,2,3,1,0,0,0,0,0,0,0,0,0,0,0,0,0,0,0,0,0,0,0,0,0,0,-1,1,0,0,0,0,-1,1,0,0,0,0
455,56-65 ans,Cadres et professions intellectuelles supérieures,Femme,200,258,99,60,2,1,3,2,3,1,1,2,0,1,1,2,3,2,1,2,2,1,1,2,2,3,3,2,1,2,2,3,2,1,2,1,2,1,1,-1,-1,0,1,1,-1,-1,0,1,-1,1,-1,-1,1,0,-1,1,-1,1,1,-1,1,0,0,0,0,1,0,0,0,0,1,0
456,26-35 ans,Employés,Femme,201,26,80,30,2,1,2,2,1,3,1,2,1,3,2,2,1,3,3,2,3,2,2,1,3,2,3,3,3,2,3,2,1,2,1,3,1,1,0,0,1,-1,-1,1,0,-1,0,0,1,1,-1,1,-1,1,-1,0,0,0,0,0,0,0,0,0,0,0,0,0,0,0,0,0
457,18-25 ans,"Élèves, étudiants",Femme,151,88,86,22,2,1,2,1,2,2,1,2,2,3,1,2,1,1,1,1,0,1,2,1,3,2,3,1,3,2,3,2,1,2,2,2,2,2,0,0,0,0,0,0,-1,1,-1,0,0,0,0,0,0,-1,0,0,0,0,0,0,0,0,0,0,0,0,0,0,0,0,0,0
458,46-55 ans,Cadres et professions intellectuelles supérieures,Femme,154,93,233,72,2,1,1,3,2,3,1,3,1,3,2,1,2,2,1,2,2,3,1,2,3,2,3,2,3,2,3,1,1,1,1,2,2,2,-1,-1,1,1,-1,1,1,-1,1,-1,1,0,-1,-1,0,1,-1,1,-1,1,0,-1,1,1,0,0,0,1,-1,1,1,-1,1,0
459,26-35 ans,Cadres et professions intellectuelles supérieures,Femme,71,37,65,20,3,0,2,3,1,3,2,3,1,3,1,2,1,2,2,1,2,2,1,3,3,2,3,2,3,2,3,1,2,1,3,2,1,2,1,0,-1,0,0,1,-1,0,0,1,-1,1,-1,-1,0,0,0,1,0,-1,0,0,1,-1,0,0,1,-1,1,-1,-1,0,0,0
460,26-35 ans,Cadres et professions intellectuelles supérieures,Femme,47,81,37,9,3,0,1,3,2,3,1,3,2,3,2,1,2,1,1,2,1,1,1,1,2,2,2,3,3,2,2,2,1,2,2,2,2,1,0,0,0,0,0,0,0,0,0,0,0,0,0,0,0,0,0,0,1,-1,1,-1,1,-1,1,-1,1,-1,1,-1,-1,0,-1,0
461,26-35 ans,Employés,Femme,2068,122,34,24,3,0,1,2,2,2,1,2,2,3,1,2,1,1,2,1,2,1,3,3,3,2,3,1,2,2,3,2,2,3,2,2,3,2,-1,0,1,-1,1,-1,1,-1,1,-1,0,0,0,1,-1,1,-1,0,-1,1,0,1,-1,-1,0,1,-1,1,0,-1,0,1,-1,1
462,36-45 ans,Cadres et professions intellectuelles supérieures,Femme,223,41,114,39,2,1,1,2,3,3,1,2,2,3,1,0,1,2,1,2,2,1,3,1,2,2,3,2,3,1,3,2,1,2,2,3,2,3,1,0,0,-1,1,-1,1,-1,1,1,-1,0,0,0,0,0,0,-1,1,0,-1,1,-1,1,-1,1,-1,-1,0,0,1,0,0,0
463,36-45 ans,Cadres et professions intellectuelles supérieures,Femme,37,52,40,25,2,2,2,1,2,2,3,1,2,2,1,0,2,2,1,1,1,2,3,2,2,1,3,2,3,3,3,1,3,2,2,1,1,2,1,1,-1,1,-1,1,-1,1,-1,1,0,0,-1,-1,0,-1,0,1,1,0,-1,1,1,0,-1,0,1,-1,1,-1,1,-1,1,-1
464,36-45 ans,Cadres et professions intellectuelles supérieures,Femme,102,30,136,25,2,1,2,3,2,3,1,3,2,3,1,1,2,1,1,2,1,3,2,1,2,2,3,1,3,3,3,3,2,3,2,2,3,2,0,1,-1,1,-1,1,0,-1,1,1,0,0,-1,0,0,1,0,1,1,-1,0,1,-1,0,0,0,1,-1,0,0,0,1,-1,0
465,18-25 ans,"Élèves, étudiants",Femme,132,27,87,29,2,1,2,3,1,1,1,1,1,3,1,2,2,1,2,2,2,2,2,2,2,2,3,2,3,3,3,1,2,1,2,2,2,2,0,1,-1,1,-1,0,1,0,0,1,0,-1,1,0,0,1,0,0,0,0,0,0,0,0,0,0,0,0,0,0,0,0,0,0
466,56-65 ans,Cadres et professions intellectuelles supérieures,Homme,195,62,95,42,2,2,3,2,1,3,0,3,1,2,1,2,3,1,1,3,2,1,3,1,2,1,3,2,2,3,3,2,2,1,3,2,2,1,1,1,-1,1,-1,0,0,0,0,1,0,-1,0,-1,1,0,0,0,-1,0,1,-1,1,0,0,0,-1,1,-1,0,-1,-1,1,0
467,18-25 ans,"Élèves, étudiants",Femme,43,1103,46,26,3,1,1,3,1,1,1,2,1,2,2,2,3,2,2,2,3,2,3,2,1,2,2,2,2,2,3,3,3,1,1,1,2,2,0,0,1,-1,0,0,1,-1,0,0,0,0,0,1,-1,1,-1,1,-1,0,1,-1,1,-1,1,0,-1,1,0,-1,-1,-1,1,1
468,66-75 ans,Retraités,Femme,239,89,245,56,1,2,1,3,1,1,1,2,1,3,2,2,3,1,2,2,3,3,1,1,3,2,3,2,2,2,3,2,2,1,2,1,2,2,-1,-1,1,1,-1,0,0,0,1,-1,1,-1,0,0,0,0,1,0,1,1,-1,1,-1,1,-1,0,1,-1,0,1,1,0,0,-1
469,56-65 ans,Employés,Femme,187,93,175,53,1,3,0,3,1,2,3,2,2,2,3,1,1,3,2,1,2,3,2,3,1,3,3,3,2,2,3,2,1,3,1,3,1,2,0,-1,0,1,0,0,-1,1,0,-1,1,0,0,-1,1,-1,1,1,0,0,0,0,0,0,0,0,1,0,0,0,0,0,0,0
470,46-55 ans,Professions intermédiaires,Femme,176,111,153,63,1,2,2,3,1,3,2,3,1,3,1,2,1,2,2,1,2,1,3,2,2,3,2,1,3,2,3,2,2,2,2,2,1,2,1,1,-1,1,-1,1,-1,1,-1,1,-1,0,1,0,0,-1,1,1,0,-1,1,-1,-1,0,1,1,1,1,-1,1,-1,1,-1,1
471,26-35 ans,Employés,Femme,113,50,89,12,1,3,2,3,2,3,1,2,1,2,1,1,3,1,1,2,3,1,2,1,2,2,3,1,3,3,3,3,2,2,3,1,3,2,0,0,0,0,0,0,0,0,0,0,0,0,0,0,0,0,0,0,0,0,0,0,0,0,0,0,0,0,0,0,0,0,0,0
472,46-55 ans,Employés,Homme,62,48,56,17,1,2,2,1,3,3,1,1,2,1,3,0,2,2,2,2,3,3,3,2,2,1,2,1,3,3,2,2,2,3,1,2,3,1,0,1,0,-1,1,-1,0,1,0,1,-1,0,1,1,0,-1,1,1,1,-1,1,-1,1,-1,1,-1,1,0,0,0,0,-1,1,-1
473,plus de 75 ans,Retraités,Homme,379,316,171,26,2,1,2,3,2,3,1,3,2,3,1,1,2,1,1,2,1,1,2,2,3,3,2,2,2,2,3,1,2,2,2,2,3,2,0,0,0,0,0,0,0,0,0,0,0,0,0,0,0,0,0,0,0,0,0,-1,0,1,-1,1,0,0,-1,0,0,-1,1,0
474,18-25 ans,"Élèves, étudiants",Homme,52,33,59,10,3,1,2,1,1,1,1,3,2,2,3,2,2,3,2,2,1,2,2,2,2,1,2,2,2,1,2,2,1,3,2,1,3,1,1,-1,-1,0,0,1,-1,-1,1,1,-1,1,-1,-1,0,1,0,0,0,0,0,0,0,0,0,0,0,0,0,0,0,0,0,0
475,46-55 ans,Employés,Femme,380,78,549,104,1,2,0,2,1,3,1,2,2,3,2,2,1,2,1,2,2,1,2,2,3,2,2,2,2,2,3,1,2,2,3,3,2,3,0,-1,0,1,0,-1,0,1,-1,-1,1,-1,1,-1,1,-1,0,1,-1,0,1,0,0,-1,1,-1,0,1,0,0,-1,1,-1,0
476,46-55 ans,Employés,Homme,147,38,152,57,2,1,3,1,2,2,2,3,2,3,2,2,1,2,1,2,1,2,2,2,3,2,3,3,3,3,3,1,1,2,2,2,2,2,0,0,0,0,0,0,0,0,0,0,0,0,0,0,0,0,0,0,0,0,0,0,0,0,0,0,0,0,0,0,0,0,0,0
477,36-45 ans,Professions intermédiaires,Homme,99,39,39,41,1,1,3,2,1,3,1,2,1,2,1,2,3,2,1,2,1,3,3,2,2,2,2,1,3,2,1,1,3,3,2,2,1,2,0,-1,1,-1,1,0,1,-1,-1,-1,0,1,0,1,-1,1,-1,1,0,0,-1,1,1,1,-1,1,1,-1,1,-1,0,0,1,-1
478,56-65 ans,Employés,Femme,71,63,70,42,2,1,1,2,1,1,3,2,2,3,1,0,1,2,1,2,0,3,1,2,2,3,3,2,3,3,3,2,1,2,2,1,1,1,-1,1,1,1,0,0,1,-1,1,0,1,0,-1,1,1,1,0,-1,1,-1,1,-1,-1,1,0,0,1,0,-1,1,1,0,0,0
479,46-55 ans,Professions intermédiaires,Femme,127,21,90,10,1,2,1,3,2,3,2,3,1,3,2,1,1,1,1,1,2,1,3,1,2,3,3,2,3,1,3,2,1,1,3,2,1,2,0,0,0,0,0,0,0,0,0,0,0,0,0,0,0,0,0,0,0,0,0,0,0,0,0,0,0,0,0,0,0,0,0,0
480,36-45 ans,Cadres et professions intellectuelles supérieures,Femme,57,78,52,29,2,1,1,3,1,3,0,2,1,3,2,2,2,2,2,3,3,2,3,3,2,1,3,2,2,3,2,1,3,2,2,3,2,3,0,1,-1,-1,1,-1,0,1,0,1,-1,0,1,1,0,-1,1,1,-1,0,-1,0,1,0,0,1,1,-1,1,0,-1,-1,1,1
481,46-55 ans,Cadres et professions intellectuelles supérieures,Femme,160,75,65,35,1,1,1,3,2,3,2,2,1,2,2,1,2,2,1,1,1,3,1,3,2,2,1,3,1,3,3,2,3,2,2,2,3,3,0,0,0,-1,0,1,-1,0,0,0,-1,1,-1,0,-1,0,0,-1,0,0,0,0,-1,1,0,-1,-1,0,-1,1,0,0,1,-1
482,18-25 ans,"Élèves, étudiants",Femme,110,38,103,24,2,1,1,2,2,3,2,2,2,3,1,1,2,2,2,1,2,3,3,1,2,3,3,3,2,2,2,3,2,1,3,2,1,3,0,-1,0,1,0,-1,1,0,-1,-1,1,-1,1,-1,1,0,-1,1,1,-1,0,-1,1,0,0,-1,1,-1,0,0,0,-1,1,-1
483,18-25 ans,"Élèves, étudiants",Femme,103,48,54,53,2,1,1,2,2,3,2,2,2,3,1,1,2,2,2,1,2,2,1,3,3,2,3,1,2,3,3,2,1,3,2,1,3,2,1,1,-1,1,-1,1,-1,1,0,1,0,0,-1,0,-1,0,1,1,0,-1,0,-1,0,1,0,-1,1,-1,-1,1,-1,-1,1,-1
484,66-75 ans,Retraités,Homme,172,188,179,60,2,0,1,3,1,2,1,3,2,2,2,1,2,1,2,1,1,2,1,2,3,3,1,3,3,2,2,1,3,1,2,1,2,3,0,0,0,1,0,0,0,-1,1,0,1,0,-1,0,1,0,0,-1,0,1,-1,1,-1,1,-1,0,-1,0,0,0,1,0,0,-1
485,46-55 ans,Cadres et professions intellectuelles supérieures,Femme,231,55,210,48,2,1,1,3,1,3,2,3,1,3,2,2,1,2,2,1,2,3,1,2,3,1,3,2,3,2,3,1,3,1,2,2,1,2,1,1,-1,-1,0,1,-1,0,-1,1,-1,1,-1,0,-1,1,-1,0,0,0,0,0,0,0,0,0,0,0,0,0,0,0,0,0
486,36-45 ans,Employés,Femme,96,237,98,25,3,0,1,3,2,3,1,3,2,3,2,1,2,1,1,2,1,3,2,3,3,3,3,3,3,2,3,1,1,2,1,1,1,2,1,0,0,-1,1,-1,0,1,-1,1,-1,-1,1,0,0,-1,1,0,0,0,0,0,0,0,0,0,0,0,0,0,0,0,0,0
487,plus de 75 ans,Retraités,Femme,209,382,118,65,2,2,2,3,1,3,2,2,2,2,1,2,2,2,2,1,2,2,1,1,3,1,2,3,1,2,3,2,2,2,1,3,2,3,-1,0,1,-1,0,1,-1,-1,1,-1,0,1,-1,1,-1,1,1,-1,0,0,1,0,0,-1,0,1,-1,1,0,-1,0,1,-1,1
488,46-55 ans,Cadres et professions intellectuelles supérieures,Femme,86,22,78,33,3,2,3,0,1,1,2,1,2,1,3,2,1,1,1,3,1,2,1,2,3,2,3,3,2,2,3,1,2,2,2,2,2,2,0,0,0,0,0,0,0,0,0,0,0,0,0,0,0,0,0,1,0,0,0,-1,0,0,1,-1,1,0,-1,1,0,-1,0,0
489,46-55 ans,Cadres et professions intellectuelles supérieures,Homme,94,23,26,9,2,2,1,1,1,2,2,1,3,2,2,3,3,3,2,2,2,3,1,2,1,2,2,1,2,1,3,1,2,3,2,2,3,1,0,0,0,0,0,0,0,0,0,0,0,0,0,0,0,0,0,-1,0,1,-1,0,0,0,0,0,-1,0,0,0,1,-1,0,0
490,56-65 ans,Cadres et professions intellectuelles supérieures,Homme,172,85,150,45,3,1,2,2,3,1,3,2,2,2,0,2,1,1,1,2,2,3,2,1,1,3,2,1,2,2,2,2,3,2,3,3,1,2,1,1,-1,1,-1,1,0,0,-1,1,0,-1,0,-1,0,1,-1,-1,0,1,0,0,-1,1,-1,1,-1,1,-1,0,1,0,0,0
491,26-35 ans,Professions intermédiaires,Femme,94,217,61,34,2,1,1,2,1,2,2,2,1,1,3,3,2,2,3,2,1,3,2,3,2,1,2,2,2,2,2,1,1,2,3,1,2,1,0,-1,1,1,0,-1,0,1,0,-1,1,-1,1,0,1,-1,1,0,0,0,0,0,0,0,0,0,0,0,0,0,0,0,0,0
492,36-45 ans,Professions intermédiaires,Femme,206,49,107,15,1,2,2,3,1,3,2,3,3,3,1,2,1,2,2,1,0,1,3,1,2,1,3,2,3,1,3,2,2,1,2,1,2,2,0,0,0,0,0,0,0,0,0,0,0,0,0,0,0,0,0,0,0,-1,1,0,1,0,0,-1,0,0,1,0,-1,1,1,-1
493,46-55 ans,Cadres et professions intellectuelles supérieures,Femme,220,59,98,33,3,2,1,2,2,1,2,2,1,1,1,1,2,1,2,1,1,1,1,2,3,1,3,2,1,1,2,2,2,3,2,3,2,2,1,0,0,0,0,0,-1,1,-1,1,0,0,0,0,0,-1,0,0,-1,1,1,0,-1,0,-1,0,-1,1,-1,-1,-1,1,-1,-1
494,36-45 ans,Professions intermédiaires,Femme,76,29,51,19,1,2,2,2,1,2,2,3,3,3,2,3,1,2,3,2,0,2,1,3,2,2,2,2,3,1,3,2,2,2,2,2,2,3,0,0,0,0,0,0,0,0,0,0,0,0,0,0,0,0,0,0,0,0,0,0,0,0,0,0,0,0,0,0,0,0,0,0
495,18-25 ans,"Élèves, étudiants",Femme,51,16,50,12,2,1,1,3,1,2,1,2,0,3,2,1,3,2,2,3,2,2,3,2,2,2,2,3,2,1,2,2,2,3,2,1,3,1,0,0,0,0,0,0,0,0,0,0,0,0,0,0,0,0,0,0,0,0,0,0,0,0,0,0,0,0,0,0,0,0,0,0
496,26-35 ans,Cadres et professions intellectuelles supérieures,Homme,118,35,53,18,3,2,1,3,2,3,0,3,1,1,2,1,3,1,1,3,2,3,1,2,2,3,1,3,2,2,2,1,3,1,3,2,3,3,0,0,0,0,0,0,0,0,0,0,0,0,0,0,0,0,0,0,0,0,0,0,0,0,0,0,0,0,0,0,0,0,0,0
497,66-75 ans,Retraités,Femme,277,241,260,35,1,2,2,3,1,3,2,2,3,3,1,2,2,2,2,1,1,2,1,1,3,2,2,3,3,1,3,3,3,1,2,2,2,2,0,0,0,0,0,0,0,0,0,0,0,0,0,0,0,0,0,0,0,0,0,0,0,0,0,0,0,0,0,0,0,0,0,0
498,66-75 ans,Retraités,Femme,123,60,96,33,2,1,2,3,2,1,1,3,2,1,1,1,2,3,1,2,1,3,1,1,2,1,3,2,2,2,3,2,2,1,2,1,1,2,0,0,-1,1,-1,0,0,1,-1,0,0,-1,1,-1,0,0,0,0,0,0,1,-1,0,0,0,0,0,1,-1,0,0,0,0,0
499,36-45 ans,Cadres et professions intellectuelles supérieures,Homme,102,103,37,37,2,1,3,1,1,2,1,2,2,3,2,3,1,2,2,3,2,2,3,3,3,1,3,3,3,1,2,1,2,1,1,3,2,3,1,1,-1,0,1,1,-1,1,-1,1,-1,1,0,-1,1,0,0,1,1,-1,1,-1,1,-1,1,0,1,0,1,-1,0,-1,-1,1
500,18-25 ans,"Élèves, étudiants",Femme,70,45,115,33,2,1,1,3,2,2,2,3,2,3,2,2,1,2,1,2,1,1,2,1,3,3,3,1,3,2,2,2,1,3,1,2,2,1,1,0,0,-1,0,1,0,-1,-1,1,-1,1,-1,0,-1,1,-1,1,-1,1,-1,1,-1,0,1,-1,0,-1,0,1,0,-1,-1,0
501,46-55 ans,Cadres et professions intellectuelles supérieures,Homme,63,41,64,18,2,1,2,1,3,3,2,3,2,3,1,0,1,3,2,1,1,2,2,3,3,3,2,3,3,2,2,1,1,1,2,2,2,2,1,0,-1,1,-1,1,-1,1,-1,1,0,0,0,-1,0,0,0,1,0,-1,1,-1,1,-1,1,-1,1,0,0,0,-1,0,0,0
502,18-25 ans,"Élèves, étudiants",Femme,133,36,203,44,3,0,2,3,2,3,2,3,2,3,1,1,1,2,1,1,1,2,2,3,3,2,3,3,3,2,3,1,2,2,2,2,1,1,1,0,0,0,0,-1,0,1,-1,1,0,-1,1,0,0,-1,0,1,-1,1,-1,1,0,0,0,0,-1,0,1,0,-1,0,0,0
503,26-35 ans,"Artisans, commerçants, chefs d'entreprise",Homme,78,24,50,48,1,3,2,1,2,2,1,3,1,2,1,2,2,1,3,3,2,2,2,2,2,1,2,3,2,3,2,3,2,2,3,3,1,2,0,1,-1,1,-1,0,0,0,0,1,0,-1,0,0,0,0,0,-1,1,-1,-1,1,0,0,-1,0,0,-1,1,-1,0,0,0,-1
504,46-55 ans,Employés,Femme,129,16,88,12,1,2,1,3,2,3,1,3,2,3,2,1,2,3,1,2,1,3,2,3,3,1,2,3,3,3,3,1,1,2,1,2,2,1,0,0,0,0,0,0,0,0,0,0,0,0,0,0,0,0,0,0,0,0,0,0,0,0,0,0,0,0,0,0,0,0,0,0
505,26-35 ans,"Élèves, étudiants",Femme,78,36,116,42,3,2,2,2,1,2,2,3,1,1,0,3,1,2,3,2,2,2,1,2,3,2,2,3,3,2,3,2,1,1,2,3,3,2,0,0,-1,1,1,-1,0,1,-1,0,0,-1,1,-1,1,-1,0,1,0,-1,-1,1,-1,0,1,0,1,-1,1,1,-1,1,-1,1
506,46-55 ans,Professions intermédiaires,Femme,138,40,65,14,2,1,2,1,1,2,1,3,1,1,3,3,2,1,2,1,2,1,2,2,3,2,3,3,2,2,2,1,1,2,2,2,1,2,0,0,0,0,0,0,0,0,0,0,0,0,0,0,0,0,0,0,0,0,0,0,0,0,0,0,0,0,0,0,0,0,0,0
507,36-45 ans,Cadres et professions intellectuelles supérieures,Femme,150,43,114,23,3,1,2,2,1,2,2,2,1,2,2,1,2,1,1,2,1,2,2,3,3,3,3,2,3,3,3,1,1,2,2,1,2,2,0,0,1,0,0,-1,0,0,0,0,1,-1,0,1,0,-1,0,1,0,0,0,1,-1,0,0,1,1,0,0,0,0,1,-1,1
508,66-75 ans,Retraités,Femme,286,139,105,63,2,1,2,3,2,3,0,2,1,3,1,1,2,1,1,3,3,2,2,2,3,3,2,2,2,2,3,2,2,2,3,2,2,2,0,0,-1,1,-1,1,0,0,-1,0,0,0,0,-1,0,1,-1,-1,1,0,-1,1,0,0,0,0,0,-1,1,0,1,0,0,0
509,36-45 ans,Cadres et professions intellectuelles supérieures,Femme,100,58,85,47,1,2,2,2,3,2,2,2,3,3,0,1,2,2,1,2,1,3,1,2,3,1,2,2,2,2,3,3,1,2,2,3,3,3,1,1,-1,1,-1,1,-1,0,0,1,0,0,-1,-1,0,1,0,1,0,-1,0,0,1,0,0,0,1,-1,1,0,-1,0,1,0
